normal_id_00_00000000.wav,0.00028069847
normal_id_00_00000002.wav,3.81469e-06
normal_id_00_00000003.wav,0.09687441
normal_id_00_00000006.wav,0.0016726564
normal_id_00_00000007.wav,0.0153096765
normal_id_00_00000009.wav,4.2079995e-05
normal_id_00_00000011.wav,5.4238757e-05
normal_id_00_00000015.wav,0.00021872512
normal_id_00_00000019.wav,1.6569955e-05
normal_id_00_00000021.wav,0.23263331
normal_id_00_00000025.wav,0.008988159
normal_id_00_00000027.wav,0.0022375565
normal_id_00_00000030.wav,9.298281e-06
normal_id_00_00000032.wav,0.021528484
normal_id_00_00000040.wav,0.0015559007
normal_id_00_00000044.wav,6.9141147e-06
normal_id_00_00000046.wav,0.00503427
normal_id_00_00000048.wav,7.3191826e-05
normal_id_00_00000051.wav,0.035687223
normal_id_00_00000055.wav,2.9802277e-06
normal_id_00_00000057.wav,0.11592992
normal_id_00_00000058.wav,0.00061099936
normal_id_00_00000059.wav,0.0007153574
normal_id_00_00000060.wav,2.1457441e-05
normal_id_00_00000062.wav,1.1920928e-07
normal_id_00_00000065.wav,3.874227e-05
normal_id_00_00000067.wav,0.02217358
normal_id_00_00000069.wav,4.7444173e-05
normal_id_00_00000070.wav,0.00091141637
normal_id_00_00000071.wav,1.7762026e-05
normal_id_00_00000072.wav,0.00028022178
normal_id_00_00000073.wav,9.655906e-06
normal_id_00_00000074.wav,0.00010632903
normal_id_00_00000075.wav,0.0057177087
normal_id_00_00000077.wav,0.00017045476
normal_id_00_00000080.wav,1.1202109
normal_id_00_00000081.wav,-0.0
normal_id_00_00000082.wav,0.11023308
normal_id_00_00000083.wav,2.5868081e-05
normal_id_00_00000087.wav,0.0017679789
normal_id_00_00000089.wav,0.00025781646
normal_id_00_00000093.wav,0.002616199
normal_id_00_00000094.wav,0.00036030475
normal_id_00_00000095.wav,5.841238e-06
normal_id_00_00000096.wav,2.002696e-05
normal_id_00_00000099.wav,0.017044608
normal_id_00_00000100.wav,0.0028935492
normal_id_00_00000102.wav,6.198864e-06
normal_id_00_00000103.wav,3.1470758e-05
normal_id_00_00000104.wav,1.0132739e-05
normal_id_00_00000108.wav,0.00043704495
normal_id_00_00000111.wav,0.9685783
normal_id_00_00000112.wav,7.152532e-06
normal_id_00_00000114.wav,5.3285134e-05
normal_id_00_00000117.wav,0.0067003104
normal_id_00_00000122.wav,0.000113719194
normal_id_00_00000123.wav,-0.0
normal_id_00_00000127.wav,8.106199e-06
normal_id_00_00000128.wav,2.6464832
normal_id_00_00000131.wav,0.0011341099
normal_id_00_00000134.wav,0.0020862499
normal_id_00_00000135.wav,0.0005202132
normal_id_00_00000141.wav,4.9589835e-05
normal_id_00_00000142.wav,0.00070451706
normal_id_00_00000143.wav,2.002696e-05
normal_id_00_00000146.wav,0.000114911156
normal_id_00_00000156.wav,0.005693647
normal_id_00_00000158.wav,8.344647e-07
normal_id_00_00000159.wav,0.00057883194
normal_id_00_00000161.wav,9.894322e-06
normal_id_00_00000163.wav,-0.0
normal_id_00_00000165.wav,0.00014828535
normal_id_00_00000166.wav,0.0073227338
normal_id_00_00000167.wav,0.20671137
normal_id_00_00000168.wav,1.1920928e-07
normal_id_00_00000169.wav,0.0017220443
normal_id_00_00000170.wav,0.0033130539
normal_id_00_00000175.wav,2.9995372
normal_id_00_00000182.wav,0.026166558
normal_id_00_00000187.wav,4.7683704e-07
normal_id_00_00000190.wav,1.1920928e-07
normal_id_00_00000194.wav,3.0994368e-06
normal_id_00_00000196.wav,1.5497195e-06
normal_id_00_00000203.wav,0.0003750813
normal_id_00_00000205.wav,0.0016363576
normal_id_00_00000209.wav,6.806619e-05
normal_id_00_00000214.wav,0.0012080522
normal_id_00_00000216.wav,0.01946444
normal_id_00_00000217.wav,0.000281056
normal_id_00_00000218.wav,9.131015e-05
normal_id_00_00000219.wav,-0.0
normal_id_00_00000220.wav,0.00014530557
normal_id_00_00000222.wav,0.0018059388
normal_id_00_00000223.wav,4.7683704e-07
normal_id_00_00000224.wav,0.00061171415
normal_id_00_00000225.wav,0.00020668755
normal_id_00_00000228.wav,-0.0
normal_id_00_00000230.wav,0.002284062
normal_id_00_00000233.wav,0.0002394628
normal_id_00_00000234.wav,1.2516897e-05
normal_id_00_00000235.wav,6.7949063e-06
normal_id_00_00000238.wav,0.0019841762
normal_id_00_00000240.wav,0.0018736442
normal_id_00_00000242.wav,0.0012892515
normal_id_00_00000243.wav,6.675698e-06
normal_id_00_00000244.wav,0.011860094
normal_id_00_00000245.wav,4.482169e-05
normal_id_00_00000246.wav,5.662281e-05
normal_id_00_00000248.wav,2.2649509e-05
normal_id_00_00000250.wav,0.0009238028
normal_id_00_00000252.wav,2.7418098e-06
normal_id_00_00000253.wav,2.3841855e-07
normal_id_00_00000254.wav,8.9760564e-05
normal_id_00_00000255.wav,6.4372807e-06
normal_id_00_00000257.wav,0.010761088
normal_id_00_00000267.wav,0.010630645
normal_id_00_00000269.wav,1.3113013e-06
normal_id_00_00000270.wav,6.365574e-05
normal_id_00_00000271.wav,0.010868755
normal_id_00_00000273.wav,0.0010187203
normal_id_00_00000274.wav,7.510157e-06
normal_id_00_00000276.wav,0.00043132537
normal_id_00_00000281.wav,3.1232346e-05
normal_id_00_00000284.wav,8.892618e-05
normal_id_00_00000285.wav,1.1920928e-07
normal_id_00_00000292.wav,4.410734e-06
normal_id_00_00000296.wav,1.883489e-05
normal_id_00_00000300.wav,0.031822
normal_id_00_00000303.wav,1.4305105e-06
normal_id_00_00000305.wav,0.03235997
normal_id_00_00000307.wav,9.417489e-06
normal_id_00_00000314.wav,5.245195e-06
normal_id_00_00000319.wav,0.00054582953
normal_id_00_00000321.wav,0.00011097769
normal_id_00_00000322.wav,0.00014459042
normal_id_00_00000323.wav,3.218599e-05
normal_id_00_00000331.wav,9.5367386e-07
normal_id_00_00000332.wav,0.0013222294
normal_id_00_00000338.wav,0.00023481472
normal_id_00_00000344.wav,2.3841855e-07
normal_id_00_00000346.wav,2.8132996e-05
normal_id_00_00000347.wav,7.152555e-07
normal_id_00_00000348.wav,0.19255808
normal_id_00_00000352.wav,1.668916e-05
normal_id_00_00000362.wav,3.933899e-06
normal_id_00_00000363.wav,3.3616456e-05
normal_id_00_00000367.wav,0.00095929374
normal_id_00_00000370.wav,2.9802277e-06
normal_id_00_00000371.wav,0.0037977018
normal_id_00_00000373.wav,7.0333235e-06
normal_id_00_00000379.wav,0.00030405668
normal_id_00_00000382.wav,0.002833996
normal_id_00_00000387.wav,1.6212332e-05
normal_id_00_00000388.wav,0.0003388546
normal_id_00_00000389.wav,0.0015407845
normal_id_00_00000390.wav,4.410734e-06
normal_id_00_00000394.wav,8.344647e-07
normal_id_00_00000399.wav,1.239769e-05
normal_id_00_00000405.wav,0.08819722
normal_id_00_00000408.wav,2.622601e-06
normal_id_00_00000410.wav,2.2768714e-05
normal_id_00_00000412.wav,8.344647e-07
normal_id_00_00000413.wav,4.6491514e-06
normal_id_00_00000416.wav,1.2755313e-05
normal_id_00_00000420.wav,8.344616e-06
normal_id_00_00000429.wav,0.0008878342
normal_id_00_00000432.wav,0.0002530493
normal_id_00_00000433.wav,0.020866744
normal_id_00_00000438.wav,0.00026484797
normal_id_00_00000441.wav,0.004316062
normal_id_00_00000445.wav,0.00026687398
normal_id_00_00000448.wav,0.038290296
normal_id_00_00000453.wav,2.3841855e-07
normal_id_00_00000459.wav,0.00044336024
normal_id_00_00000462.wav,0.0006201728
normal_id_00_00000464.wav,0.00017343447
normal_id_00_00000465.wav,-0.0
normal_id_00_00000468.wav,0.0014488924
normal_id_00_00000469.wav,2.0384581e-05
normal_id_00_00000470.wav,1.3232144e-05
normal_id_00_00000473.wav,0.00013279033
normal_id_00_00000478.wav,0.0058244984
normal_id_00_00000479.wav,0.00033170445
normal_id_00_00000484.wav,0.24079584
normal_id_00_00000486.wav,6.0675688e-05
normal_id_00_00000488.wav,0.0009921634
normal_id_00_00000492.wav,3.8146245e-05
normal_id_00_00000497.wav,0.1240405
normal_id_00_00000498.wav,3.6954196e-05
normal_id_00_00000500.wav,0.00026186852
normal_id_00_00000505.wav,0.024829699
normal_id_00_00000511.wav,4.1723165e-06
normal_id_00_00000512.wav,0.003616699
normal_id_00_00000514.wav,0.0008566286
normal_id_00_00000517.wav,0.03681974
normal_id_00_00000518.wav,4.2318403e-05
normal_id_00_00000519.wav,0.003093341
normal_id_00_00000520.wav,0.00027843413
normal_id_00_00000521.wav,6.7949063e-06
normal_id_00_00000526.wav,1.5735503e-05
normal_id_00_00000529.wav,0.003311747
normal_id_00_00000535.wav,2.6464111e-05
normal_id_00_00000540.wav,1.1682442e-05
normal_id_00_00000541.wav,1.1920928e-07
normal_id_00_00000543.wav,0.04038149
normal_id_00_00000545.wav,0.029549748
normal_id_00_00000546.wav,0.00034064212
normal_id_00_00000549.wav,0.00818151
normal_id_00_00000550.wav,0.019646104
normal_id_00_00000551.wav,0.0006249382
normal_id_00_00000552.wav,3.4570635e-06
normal_id_00_00000553.wav,0.00035172474
normal_id_00_00000555.wav,0.0002311201
normal_id_00_00000558.wav,1.6689287e-06
normal_id_00_00000562.wav,0.024221689
normal_id_00_00000563.wav,0.051031806
normal_id_00_00000565.wav,3.576278e-07
normal_id_00_00000566.wav,2.145765e-06
normal_id_00_00000567.wav,2.8252203e-05
normal_id_00_00000569.wav,4.1603176e-05
normal_id_00_00000570.wav,0.013646171
normal_id_00_00000574.wav,9.059865e-06
normal_id_00_00000576.wav,1.9073468e-06
normal_id_00_00000578.wav,0.00018058576
normal_id_00_00000580.wav,0.013862402
normal_id_00_00000583.wav,9.894322e-06
normal_id_00_00000584.wav,1.1920928e-07
normal_id_00_00000590.wav,0.19079101
normal_id_00_00000591.wav,1.9742526
normal_id_00_00000592.wav,5.960463e-07
normal_id_00_00000593.wav,4.5299425e-06
normal_id_00_00000597.wav,0.00037222132
normal_id_00_00000598.wav,9.6435666e-05
normal_id_00_00000602.wav,0.24465841
normal_id_00_00000603.wav,0.00012456595
normal_id_00_00000604.wav,2.3841855e-07
normal_id_00_00000608.wav,3.6715788e-05
normal_id_00_00000609.wav,9.1790735e-06
normal_id_00_00000610.wav,0.00081470195
normal_id_00_00000613.wav,0.0003716255
normal_id_00_00000616.wav,3.6954812e-06
normal_id_00_00000618.wav,0.0001492389
normal_id_00_00000621.wav,0.002029147
normal_id_00_00000623.wav,5.1259863e-06
normal_id_00_00000633.wav,1.1920928e-07
normal_id_00_00000640.wav,3.4570635e-06
normal_id_00_00000642.wav,2.3364748e-05
normal_id_00_00000643.wav,0.01994787
normal_id_00_00000646.wav,3.4570635e-06
normal_id_00_00000650.wav,6.401334e-05
normal_id_00_00000651.wav,0.06731048
normal_id_00_00000654.wav,0.0021760613
normal_id_00_00000655.wav,4.410734e-06
normal_id_00_00000656.wav,6.031808e-05
normal_id_00_00000658.wav,0.0057538594
normal_id_00_00000661.wav,2.801379e-05
normal_id_00_00000663.wav,0.001377706
normal_id_00_00000665.wav,0.00013076403
normal_id_00_00000667.wav,5.805324e-05
normal_id_00_00000669.wav,2.4437606e-05
normal_id_00_00000671.wav,0.00084829103
normal_id_00_00000672.wav,0.008021403
normal_id_00_00000674.wav,0.0022890575
normal_id_00_00000675.wav,4.410734e-06
normal_id_00_00000677.wav,1.3113013e-06
normal_id_00_00000682.wav,7.1284616e-05
normal_id_00_00000685.wav,0.008319129
normal_id_00_00000686.wav,2.9563467e-05
normal_id_00_00000687.wav,3.6477377e-05
normal_id_00_00000689.wav,0.00039915222
normal_id_00_00000692.wav,1.3113013e-06
normal_id_00_00000695.wav,0.0006603206
normal_id_00_00000696.wav,5.471557e-05
normal_id_00_00000698.wav,1.1920922e-06
normal_id_00_00000699.wav,2.264974e-06
normal_id_00_00000701.wav,3.576278e-07
normal_id_00_00000702.wav,2.4199193e-05
normal_id_00_00000704.wav,0.0006457866
normal_id_00_00000706.wav,4.887569e-06
normal_id_00_00000709.wav,9.5367386e-07
normal_id_00_00000714.wav,0.00038330362
normal_id_00_00000715.wav,1.7881378e-06
normal_id_00_00000716.wav,0.00037555795
normal_id_00_00000718.wav,0.0005267663
normal_id_00_00000719.wav,5.960287e-05
normal_id_00_00000721.wav,0.00013958434
normal_id_00_00000724.wav,0.0010076452
normal_id_00_00000725.wav,1.4543428e-05
normal_id_00_00000727.wav,0.001118392
normal_id_00_00000730.wav,0.0803947
normal_id_00_00000733.wav,4.553691e-05
normal_id_00_00000735.wav,9.5367386e-07
normal_id_00_00000736.wav,0.00038675935
normal_id_00_00000738.wav,2.5987287e-05
normal_id_00_00000739.wav,0.013195216
normal_id_00_00000744.wav,0.32627088
normal_id_00_00000746.wav,5.960463e-07
normal_id_00_00000747.wav,0.00067116146
normal_id_00_00000749.wav,4.7683704e-07
normal_id_00_00000754.wav,1.1324818e-05
normal_id_00_00000755.wav,7.2717403e-06
normal_id_00_00000758.wav,0.08815672
normal_id_00_00000759.wav,0.21602878
normal_id_00_00000762.wav,0.00019107423
normal_id_00_00000763.wav,0.011502378
normal_id_00_00000764.wav,2.3841855e-07
normal_id_00_00000765.wav,1.2516897e-05
normal_id_00_00000768.wav,0.071704954
normal_id_00_00000773.wav,0.0034989822
normal_id_00_00000776.wav,0.025554247
normal_id_00_00000777.wav,1.03711545e-05
normal_id_00_00000780.wav,0.006170508
normal_id_00_00000781.wav,4.76836e-06
normal_id_00_00000783.wav,0.009300007
normal_id_00_00000786.wav,8.106199e-06
normal_id_00_00000787.wav,0.022442061
normal_id_00_00000791.wav,0.00024029706
normal_id_00_00000793.wav,9.5367386e-07
normal_id_00_00000794.wav,0.014691854
normal_id_00_00000797.wav,6.675698e-06
normal_id_00_00000800.wav,0.029867861
normal_id_00_00000806.wav,1.5973917e-05
normal_id_00_00000808.wav,0.0006976078
normal_id_00_00000811.wav,0.00018642595
normal_id_00_00000815.wav,2.3841855e-07
normal_id_00_00000818.wav,0.0011082705
normal_id_00_00000823.wav,5.960463e-07
normal_id_00_00000824.wav,0.00037543877
normal_id_00_00000825.wav,-0.0
normal_id_00_00000826.wav,1.12056105e-05
normal_id_00_00000827.wav,2.3722367e-05
normal_id_00_00000828.wav,0.0008878342
normal_id_00_00000837.wav,0.001168998
normal_id_00_00000838.wav,0.024515912
normal_id_00_00000839.wav,0.03481906
normal_id_00_00000840.wav,0.00026437125
normal_id_00_00000841.wav,2.741776e-05
normal_id_00_00000844.wav,0.0045342017
normal_id_00_00000849.wav,8.821448e-06
normal_id_00_00000854.wav,7.152555e-07
normal_id_00_00000855.wav,7.867782e-06
normal_id_00_00000857.wav,3.0636318e-05
normal_id_00_00000859.wav,5.4596363e-05
normal_id_00_00000863.wav,0.0008337597
normal_id_00_00000865.wav,0.00054249354
normal_id_00_00000867.wav,1.2636105e-05
normal_id_00_00000869.wav,2.920585e-05
normal_id_00_00000874.wav,4.8636208e-05
normal_id_00_00000875.wav,2.682173e-05
normal_id_00_00000876.wav,0.01750367
normal_id_00_00000879.wav,1.1920928e-07
normal_id_00_00000880.wav,0.00034660054
normal_id_00_00000881.wav,1.41858045e-05
normal_id_00_00000882.wav,0.20204118
normal_id_00_00000884.wav,0.0003619731
normal_id_00_00000886.wav,0.0012936565
normal_id_00_00000887.wav,1.1920922e-06
normal_id_00_00000888.wav,0.0016263603
normal_id_00_00000890.wav,4.2199197e-05
normal_id_00_00000891.wav,1.28745205e-05
normal_id_00_00000896.wav,0.0021726117
normal_id_00_00000897.wav,4.2915253e-06
normal_id_00_00000903.wav,6.305973e-05
normal_id_00_00000904.wav,3.933899e-06
normal_id_00_00000906.wav,0.00016759422
normal_id_00_00000909.wav,0.00021991695
normal_id_00_00000913.wav,1.1444026e-05
normal_id_00_00000916.wav,1.8596476e-05
normal_id_00_00000917.wav,0.0003073935
normal_id_00_00000918.wav,0.0085958475
normal_id_00_00000924.wav,3.6954812e-06
normal_id_00_00000933.wav,1.1920928e-07
normal_id_00_00000935.wav,0.00020370792
normal_id_00_00000936.wav,0.011527597
normal_id_00_00000941.wav,2.002696e-05
normal_id_00_00000943.wav,2.145765e-06
normal_id_00_00000944.wav,3.4808505e-05
normal_id_00_00000947.wav,0.116851814
normal_id_00_00000949.wav,6.4372807e-06
normal_id_00_00000955.wav,0.00021729493
normal_id_00_00000957.wav,4.494089e-05
normal_id_00_00000958.wav,5.1506596
normal_id_00_00000965.wav,0.0016348105
normal_id_00_00000966.wav,0.00013231355
normal_id_00_00000967.wav,0.003458473
normal_id_00_00000969.wav,0.90543383
normal_id_00_00000971.wav,7.152555e-07
normal_id_00_00000973.wav,8.70224e-06
normal_id_00_00000975.wav,2.0861407e-05
normal_id_00_00000977.wav,0.00628412
normal_id_00_00000978.wav,0.00065817626
normal_id_00_00000979.wav,3.4570635e-06
normal_id_00_00000981.wav,6.5682165e-05
normal_id_00_00000982.wav,0.00013255194
normal_id_00_00000983.wav,3.2901222e-05
normal_id_00_00000984.wav,0.6247971
normal_id_00_00000985.wav,0.0027159492
normal_id_00_00000989.wav,0.009750596
normal_id_00_00000991.wav,1.5497195e-06
normal_id_00_00000993.wav,0.019075869
normal_id_00_00000994.wav,9.5367386e-07
normal_id_00_00000997.wav,3.2066786e-05
normal_id_00_00001001.wav,0.05492778
normal_id_00_00001003.wav,9.9296405e-05
normal_id_00_00001005.wav,0.0015938686
normal_id_00_00001009.wav,1.9192512e-05
normal_id_00_00001010.wav,0.00915
abnormal_id_00_00000000.wav,4.7683704e-07
abnormal_id_00_00000001.wav,0.00019095505
abnormal_id_00_00000002.wav,4.7683704e-07
abnormal_id_00_00000003.wav,-0.0
abnormal_id_00_00000004.wav,3.81469e-06
abnormal_id_00_00000005.wav,-0.0
abnormal_id_00_00000006.wav,8.5830325e-06
abnormal_id_00_00000007.wav,-0.0
abnormal_id_00_00000008.wav,-0.0
abnormal_id_00_00000009.wav,0.002025102
abnormal_id_00_00000010.wav,2.3841855e-07
abnormal_id_00_00000011.wav,-0.0
abnormal_id_00_00000012.wav,-0.0
abnormal_id_00_00000013.wav,-0.0
abnormal_id_00_00000014.wav,1.1920928e-07
abnormal_id_00_00000015.wav,0.00026687398
abnormal_id_00_00000016.wav,0.018060168
abnormal_id_00_00000017.wav,5.0067774e-06
abnormal_id_00_00000018.wav,2.145765e-06
abnormal_id_00_00000019.wav,-0.0
abnormal_id_00_00000020.wav,1.6689287e-06
abnormal_id_00_00000021.wav,3.576278e-07
abnormal_id_00_00000022.wav,-0.0
abnormal_id_00_00000023.wav,2.3841855e-07
abnormal_id_00_00000024.wav,-0.0
abnormal_id_00_00000025.wav,1.1920928e-07
abnormal_id_00_00000026.wav,4.0531077e-06
abnormal_id_00_00000027.wav,-0.0
abnormal_id_00_00000028.wav,8.0582235e-05
abnormal_id_00_00000029.wav,8.749579e-05
abnormal_id_00_00000030.wav,0.00030667847
abnormal_id_00_00000031.wav,5.960463e-07
abnormal_id_00_00000032.wav,0.00014411364
abnormal_id_00_00000033.wav,4.1723165e-06
abnormal_id_00_00000034.wav,1.1920928e-07
abnormal_id_00_00000035.wav,1.633154e-05
abnormal_id_00_00000036.wav,-0.0
abnormal_id_00_00000037.wav,-0.0
abnormal_id_00_00000038.wav,8.5830325e-06
abnormal_id_00_00000039.wav,1.6689287e-06
abnormal_id_00_00000040.wav,1.001353e-05
abnormal_id_00_00000041.wav,2.3841855e-07
abnormal_id_00_00000042.wav,-0.0
abnormal_id_00_00000043.wav,9.5367386e-07
abnormal_id_00_00000044.wav,4.7683704e-07
abnormal_id_00_00000045.wav,8.821448e-06
abnormal_id_00_00000046.wav,-0.0
abnormal_id_00_00000047.wav,0.02574747
abnormal_id_00_00000048.wav,2.9802277e-06
abnormal_id_00_00000049.wav,1.1920928e-07
abnormal_id_00_00000050.wav,2.3841855e-07
abnormal_id_00_00000051.wav,-0.0
abnormal_id_00_00000052.wav,0.0418618
abnormal_id_00_00000053.wav,1.3113013e-06
abnormal_id_00_00000054.wav,7.152555e-07
abnormal_id_00_00000055.wav,-0.0
abnormal_id_00_00000056.wav,-0.0
abnormal_id_00_00000057.wav,9.059865e-06
abnormal_id_00_00000058.wav,0.00039796063
abnormal_id_00_00000059.wav,3.576278e-07
abnormal_id_00_00000060.wav,3.576278e-07
abnormal_id_00_00000061.wav,-0.0
abnormal_id_00_00000062.wav,-0.0
abnormal_id_00_00000063.wav,0.008588166
abnormal_id_00_00000064.wav,8.403902e-05
abnormal_id_00_00000065.wav,1.1920928e-07
abnormal_id_00_00000066.wav,2.8610189e-06
abnormal_id_00_00000067.wav,0.0005041282
abnormal_id_00_00000068.wav,1.03711545e-05
abnormal_id_00_00000069.wav,-0.0
abnormal_id_00_00000070.wav,2.264974e-06
abnormal_id_00_00000071.wav,4.7683704e-07
abnormal_id_00_00000072.wav,0.0002512616
abnormal_id_00_00000073.wav,-0.0
abnormal_id_00_00000074.wav,3.2066786e-05
abnormal_id_00_00000075.wav,2.801379e-05
abnormal_id_00_00000076.wav,0.0004965026
abnormal_id_00_00000077.wav,0.00019941726
abnormal_id_00_00000078.wav,3.3378547e-06
abnormal_id_00_00000079.wav,1.3708975e-05
abnormal_id_00_00000080.wav,3.576278e-07
abnormal_id_00_00000081.wav,1.072883e-06
abnormal_id_00_00000082.wav,3.1470758e-05
abnormal_id_00_00000083.wav,-0.0
abnormal_id_00_00000084.wav,2.9802277e-06
abnormal_id_00_00000085.wav,-0.0
abnormal_id_00_00000086.wav,2.0146166e-05
abnormal_id_00_00000087.wav,0.00025900823
abnormal_id_00_00000088.wav,0.018427484
abnormal_id_00_00000089.wav,-0.0
abnormal_id_00_00000090.wav,5.960463e-07
abnormal_id_00_00000091.wav,5.960463e-07
abnormal_id_00_00000092.wav,0.0006221981
abnormal_id_00_00000093.wav,-0.0
abnormal_id_00_00000094.wav,2.8610189e-06
abnormal_id_00_00000095.wav,3.576278e-07
abnormal_id_00_00000096.wav,-0.0
abnormal_id_00_00000097.wav,8.344647e-07
abnormal_id_00_00000098.wav,0.22957075
abnormal_id_00_00000099.wav,1.1920922e-06
abnormal_id_00_00000100.wav,8.344647e-07
abnormal_id_00_00000101.wav,-0.0
abnormal_id_00_00000102.wav,0.00011216965
abnormal_id_00_00000103.wav,1.7046783e-05
abnormal_id_00_00000104.wav,-0.0
abnormal_id_00_00000105.wav,-0.0
abnormal_id_00_00000106.wav,1.1920928e-07
abnormal_id_00_00000107.wav,7.986991e-06
abnormal_id_00_00000108.wav,0.0008884297
abnormal_id_00_00000109.wav,0.0007764662
abnormal_id_00_00000110.wav,2.0622994e-05
abnormal_id_00_00000111.wav,1.1920928e-07
abnormal_id_00_00000112.wav,7.152555e-07
abnormal_id_00_00000113.wav,0.008825108
abnormal_id_00_00000114.wav,-0.0
abnormal_id_00_00000115.wav,3.6618946
abnormal_id_00_00000116.wav,1.4305105e-06
abnormal_id_00_00000117.wav,0.00015972769
abnormal_id_00_00000118.wav,0.00018094333
abnormal_id_00_00000119.wav,2.3841855e-07
abnormal_id_00_00000120.wav,1.5497195e-06
abnormal_id_00_00000121.wav,3.0994368e-06
abnormal_id_00_00000122.wav,8.344647e-07
abnormal_id_00_00000123.wav,-0.0
abnormal_id_00_00000124.wav,0.10063333
abnormal_id_00_00000125.wav,9.417489e-06
abnormal_id_00_00000126.wav,2.5152844e-05
abnormal_id_00_00000127.wav,0.0017187123
abnormal_id_00_00000128.wav,0.000523311
abnormal_id_00_00000129.wav,8.344647e-07
abnormal_id_00_00000130.wav,1.4066597e-05
abnormal_id_00_00000131.wav,8.344647e-07
abnormal_id_00_00000132.wav,-0.0
abnormal_id_00_00000133.wav,2.503392e-06
abnormal_id_00_00000134.wav,6.3180723e-06
abnormal_id_00_00000135.wav,1.6689287e-06
abnormal_id_00_00000136.wav,0.00013588935
abnormal_id_00_00000137.wav,9.5367386e-07
abnormal_id_00_00000138.wav,0.011023691
abnormal_id_00_00000139.wav,6.675698e-06
abnormal_id_00_00000140.wav,0.35517097
abnormal_id_00_00000141.wav,1.1920922e-06
abnormal_id_00_00000142.wav,1.5735503e-05
abnormal_id_00_00000143.wav,2.8610189e-06
abnormal_id_00_00000144.wav,0.0011347053
abnormal_id_00_00000145.wav,1.1920928e-07
abnormal_id_00_00000146.wav,1.4066597e-05
abnormal_id_00_00000147.wav,9.536698e-06
abnormal_id_00_00000148.wav,0.0059617315
abnormal_id_00_00000149.wav,4.0531077e-06
abnormal_id_00_00000150.wav,4.7683704e-07
abnormal_id_00_00000151.wav,1.2516897e-05
abnormal_id_00_00000152.wav,6.651657e-05
abnormal_id_00_00000153.wav,0.0033508365
abnormal_id_00_00000154.wav,1.0082949
abnormal_id_00_00000155.wav,0.002909358
abnormal_id_00_00000156.wav,0.0030239352
abnormal_id_00_00000157.wav,0.010539348
abnormal_id_00_00000158.wav,0.0002721178
abnormal_id_00_00000159.wav,0.0029186292
abnormal_id_00_00000160.wav,0.032239355
abnormal_id_00_00000161.wav,0.0059219142
abnormal_id_00_00000162.wav,0.027649373
abnormal_id_00_00000163.wav,0.43786243
abnormal_id_00_00000164.wav,0.28703162
abnormal_id_00_00000165.wav,3.4808505e-05
abnormal_id_00_00000166.wav,0.07260012
abnormal_id_00_00000167.wav,0.0029051977
abnormal_id_00_00000168.wav,0.03264119
abnormal_id_00_00000169.wav,0.15098268
abnormal_id_00_00000170.wav,0.038242683
abnormal_id_00_00000171.wav,0.0024556739
abnormal_id_00_00000172.wav,4.9828242e-05
abnormal_id_00_00000173.wav,0.0002224198
abnormal_id_00_00000174.wav,0.094308235
abnormal_id_00_00000175.wav,0.0076731937
abnormal_id_00_00000176.wav,0.026787663
abnormal_id_00_00000177.wav,0.00020942879
abnormal_id_00_00000178.wav,0.0001076402
abnormal_id_00_00000179.wav,0.29783282
abnormal_id_00_00000180.wav,4.4702483e-05
abnormal_id_00_00000181.wav,3.885128
abnormal_id_00_00000182.wav,1.362273
abnormal_id_00_00000183.wav,0.0017692879
abnormal_id_00_00000184.wav,0.009661108
abnormal_id_00_00000185.wav,0.036668636
abnormal_id_00_00000186.wav,0.032458644
abnormal_id_00_00000187.wav,0.20019352
abnormal_id_00_00000188.wav,0.045112856
abnormal_id_00_00000189.wav,0.003468333
abnormal_id_00_00000190.wav,0.76911825
abnormal_id_00_00000191.wav,1.1682442e-05
abnormal_id_00_00000192.wav,0.034929693
abnormal_id_00_00000193.wav,1.180165e-05
abnormal_id_00_00000194.wav,0.3925763
abnormal_id_00_00000195.wav,0.16687034
abnormal_id_00_00000196.wav,0.17290196
abnormal_id_00_00000197.wav,0.0017901125
abnormal_id_00_00000198.wav,1.0175617
abnormal_id_00_00000199.wav,0.0021754664
abnormal_id_00_00000200.wav,4.9589835e-05
abnormal_id_00_00000201.wav,0.00018463815
abnormal_id_00_00000202.wav,0.43708187
abnormal_id_00_00000203.wav,0.000109308945
abnormal_id_00_00000204.wav,1.1563234e-05
abnormal_id_00_00000205.wav,0.3311805
abnormal_id_00_00000206.wav,0.0013617538
abnormal_id_00_00000207.wav,0.042842656
abnormal_id_00_00000208.wav,0.000102395534
abnormal_id_00_00000209.wav,0.07422225
abnormal_id_00_00000210.wav,0.0070363106
abnormal_id_00_00000211.wav,0.010574028
abnormal_id_00_00000212.wav,1.2278481e-05
abnormal_id_00_00000213.wav,0.09850997
abnormal_id_00_00000214.wav,0.6475675
abnormal_id_00_00000215.wav,1.7596421
abnormal_id_00_00000216.wav,0.000547855
abnormal_id_00_00000217.wav,7.2717403e-06
abnormal_id_00_00000218.wav,0.109842665
abnormal_id_00_00000219.wav,1.394739e-05
abnormal_id_00_00000220.wav,0.4297728
abnormal_id_00_00000221.wav,0.00039879474
abnormal_id_00_00000222.wav,7.235742e-05
abnormal_id_00_00000223.wav,3.81469e-06
abnormal_id_00_00000224.wav,0.0024329606
abnormal_id_00_00000225.wav,2.2172682e-05
abnormal_id_00_00000226.wav,0.008121443
abnormal_id_00_00000227.wav,1.490105e-05
abnormal_id_00_00000228.wav,0.00036006642
abnormal_id_00_00000229.wav,0.0012773458
abnormal_id_00_00000230.wav,0.47044587
abnormal_id_00_00000231.wav,0.000310492
abnormal_id_00_00000232.wav,0.0717287
abnormal_id_00_00000233.wav,0.021135813
abnormal_id_00_00000234.wav,0.0027533977
abnormal_id_00_00000235.wav,0.040175956
abnormal_id_00_00000236.wav,0.0030313039
abnormal_id_00_00000237.wav,0.0019612142
abnormal_id_00_00000238.wav,0.0006138586
abnormal_id_00_00000239.wav,0.22095677
abnormal_id_00_00000240.wav,4.6609744e-05
abnormal_id_00_00000241.wav,4.0411134e-05
abnormal_id_00_00000242.wav,0.040368095
abnormal_id_00_00000243.wav,0.028474888
abnormal_id_00_00000244.wav,0.00464444
abnormal_id_00_00000245.wav,2.0265374e-05
abnormal_id_00_00000246.wav,1.5497195e-06
abnormal_id_00_00000247.wav,0.013333794
abnormal_id_00_00000248.wav,5.960463e-07
abnormal_id_00_00000249.wav,0.012841037
abnormal_id_00_00000250.wav,0.00019155098
abnormal_id_00_00000251.wav,0.8810436
abnormal_id_00_00000252.wav,0.00022742547
abnormal_id_00_00000253.wav,0.35645714
abnormal_id_00_00000254.wav,0.0030259558
abnormal_id_00_00000255.wav,0.00027676567
abnormal_id_00_00000256.wav,9.417489e-06
abnormal_id_00_00000257.wav,0.00015901255
abnormal_id_00_00000258.wav,0.0010915995
abnormal_id_00_00000259.wav,9.679326e-05
abnormal_id_00_00000260.wav,0.01653386
abnormal_id_00_00000261.wav,0.0018262865
abnormal_id_00_00000262.wav,7.152532e-06
abnormal_id_00_00000263.wav,0.0010427758
abnormal_id_00_00000264.wav,3.3378547e-06
abnormal_id_00_00000265.wav,1.1920928e-07
abnormal_id_00_00000266.wav,0.0012930613
abnormal_id_00_00000267.wav,2.4318399e-05
abnormal_id_00_00000268.wav,6.329813e-05
abnormal_id_00_00000269.wav,2.4556812e-05
abnormal_id_00_00000270.wav,0.0096286405
abnormal_id_00_00000271.wav,8.66614e-05
abnormal_id_00_00000272.wav,2.3234663
abnormal_id_00_00000273.wav,0.012714749
abnormal_id_00_00000274.wav,4.6491514e-06
abnormal_id_00_00000275.wav,1.20351
abnormal_id_00_00000276.wav,0.002950365
abnormal_id_00_00000277.wav,0.28259274
abnormal_id_00_00000278.wav,0.022755569
abnormal_id_00_00000279.wav,2.801379e-05
abnormal_id_00_00000280.wav,0.09854885
abnormal_id_00_00000281.wav,0.051760145
abnormal_id_00_00000282.wav,0.025840642
abnormal_id_00_00000283.wav,0.045036163
abnormal_id_00_00000284.wav,0.00050817925
abnormal_id_00_00000285.wav,0.00065281533
abnormal_id_00_00000286.wav,6.5682165e-05
abnormal_id_00_00000287.wav,1.0967195e-05
abnormal_id_00_00000288.wav,7.6293654e-06
abnormal_id_00_00000289.wav,0.00016425691
abnormal_id_00_00000290.wav,0.010938444
abnormal_id_00_00000291.wav,0.008529896
abnormal_id_00_00000292.wav,0.00072679325
abnormal_id_00_00000293.wav,3.9846413
abnormal_id_00_00000294.wav,0.025660798
abnormal_id_00_00000295.wav,0.00013994191
abnormal_id_00_00000296.wav,0.000323005
abnormal_id_00_00000297.wav,0.08530953
abnormal_id_00_00000298.wav,2.2672799
abnormal_id_00_00000299.wav,9.917721e-05
abnormal_id_00_00000300.wav,0.032641653
abnormal_id_00_00000301.wav,3.81469e-06
abnormal_id_00_00000302.wav,0.00085341267
abnormal_id_00_00000303.wav,0.22158165
abnormal_id_00_00000304.wav,0.14931427
abnormal_id_00_00000305.wav,0.0031459862
abnormal_id_00_00000306.wav,0.04529778
abnormal_id_00_00000307.wav,0.0006525771
abnormal_id_00_00000308.wav,3.1545024
abnormal_id_00_00000309.wav,0.026746461
abnormal_id_00_00000310.wav,0.4149865
abnormal_id_00_00000311.wav,0.0007745603
abnormal_id_00_00000312.wav,0.020920914
abnormal_id_00_00000313.wav,0.03145934
abnormal_id_00_00000314.wav,0.007887409
abnormal_id_00_00000315.wav,0.0002786725
abnormal_id_00_00000316.wav,0.0068736523
abnormal_id_00_00000317.wav,0.0019560982
abnormal_id_00_00000318.wav,0.00011741426
abnormal_id_00_00000319.wav,0.00073775253
abnormal_id_00_00000320.wav,4.196079e-05
abnormal_id_00_00000321.wav,1.5497195e-06
abnormal_id_00_00000322.wav,5.1259863e-06
abnormal_id_00_00000323.wav,0.2779258
abnormal_id_00_00000324.wav,0.0003819928
abnormal_id_00_00000325.wav,1.1302879
abnormal_id_00_00000326.wav,4.8993817e-05
abnormal_id_00_00000327.wav,0.0022322042
abnormal_id_00_00000328.wav,0.002021652
abnormal_id_00_00000329.wav,0.005022884
abnormal_id_00_00000330.wav,2.0861407e-05
abnormal_id_00_00000331.wav,0.1660195
abnormal_id_00_00000332.wav,0.045466837
abnormal_id_00_00000333.wav,0.00014494799
abnormal_id_00_00000334.wav,0.0039823526
abnormal_id_00_00000335.wav,0.08569016
abnormal_id_00_00000336.wav,0.07481699
abnormal_id_00_00000337.wav,2.3720157
abnormal_id_00_00000338.wav,0.07537677
abnormal_id_00_00000339.wav,0.16698585
abnormal_id_00_00000340.wav,0.0014922209
abnormal_id_00_00000341.wav,0.0023443615
abnormal_id_00_00000342.wav,0.0028543228
abnormal_id_00_00000343.wav,0.000101203565
abnormal_id_00_00000344.wav,0.27890795
abnormal_id_00_00000345.wav,0.00080684054
abnormal_id_00_00000346.wav,2.7656173e-05
abnormal_id_00_00000347.wav,0.000109904926
abnormal_id_00_00000348.wav,0.000233027
abnormal_id_00_00000349.wav,0.04682976
abnormal_id_00_00000350.wav,0.002167021
abnormal_id_00_00000351.wav,5.2093103e-05
abnormal_id_00_00000352.wav,0.03368277
abnormal_id_00_00000353.wav,0.0370664
abnormal_id_00_00000354.wav,0.00053236616
abnormal_id_00_00000355.wav,0.0019707321
abnormal_id_00_00000356.wav,7.152532e-06
abnormal_id_00_00000357.wav,0.09043884
abnormal_id_00_00000358.wav,0.00665851
abnormal_id_00_00000359.wav,1.8954097e-05
abnormal_id_00_00000360.wav,0.00014840455
abnormal_id_00_00000361.wav,0.032320958
abnormal_id_00_00000362.wav,0.008583319
abnormal_id_00_00000363.wav,0.0015757775
abnormal_id_00_00000364.wav,0.039578356
abnormal_id_00_00000365.wav,3.2186456e-06
abnormal_id_00_00000366.wav,0.054614607
abnormal_id_00_00000367.wav,0.00033253862
abnormal_id_00_00000368.wav,5.4836123e-06
abnormal_id_00_00000369.wav,3.004029e-05
abnormal_id_00_00000370.wav,0.0005815722
abnormal_id_00_00000371.wav,0.023554279
abnormal_id_00_00000372.wav,0.00026961506
abnormal_id_00_00000373.wav,0.00011467276
abnormal_id_00_00000374.wav,-0.0
abnormal_id_00_00000375.wav,0.00062207895
abnormal_id_00_00000376.wav,0.00092427916
abnormal_id_00_00000377.wav,0.054953393
abnormal_id_00_00000378.wav,2.3841855e-07
abnormal_id_00_00000379.wav,0.0051083993
abnormal_id_00_00000380.wav,0.20099543
abnormal_id_00_00000381.wav,0.04599672
abnormal_id_00_00000382.wav,0.0010352734
abnormal_id_00_00000383.wav,0.028340593
abnormal_id_00_00000384.wav,0.007828271
abnormal_id_00_00000385.wav,0.00038282695
abnormal_id_00_00000386.wav,0.0026699393
abnormal_id_00_00000387.wav,6.2344516e-05
abnormal_id_00_00000388.wav,2.3364748e-05
abnormal_id_00_00000389.wav,0.0014103238
abnormal_id_00_00000390.wav,0.0038020958
abnormal_id_00_00000391.wav,7.569503e-05
abnormal_id_00_00000392.wav,0.030716518
abnormal_id_00_00000393.wav,0.00088985893
abnormal_id_00_00000394.wav,6.1033294e-05
abnormal_id_00_00000395.wav,1.001353e-05
abnormal_id_00_00000396.wav,0.027530856
abnormal_id_00_00000397.wav,6.7949063e-06
abnormal_id_00_00000398.wav,0.00013577017
abnormal_id_00_00000399.wav,0.00033873544
abnormal_id_00_00000400.wav,0.0010468247
abnormal_id_00_00000401.wav,1.060957e-05
abnormal_id_00_00000402.wav,0.0030982133
abnormal_id_00_00000403.wav,0.3838093
abnormal_id_00_00000404.wav,0.001648021
abnormal_id_00_00000405.wav,0.0023997815
abnormal_id_00_00000406.wav,3.218599e-05
