normal_id_04_00000000.wav,3.635817e-05
normal_id_04_00000001.wav,0.00012921452
normal_id_04_00000002.wav,0.000116699084
normal_id_04_00000003.wav,5.6265202e-05
normal_id_04_00000004.wav,1.3113013e-06
normal_id_04_00000005.wav,7.6293654e-06
normal_id_04_00000006.wav,3.576278e-07
normal_id_04_00000007.wav,0.00092523196
normal_id_04_00000008.wav,1.3113013e-06
normal_id_04_00000009.wav,0.0008223251
normal_id_04_00000010.wav,1.1920928e-07
normal_id_04_00000011.wav,1.2755313e-05
normal_id_04_00000012.wav,-0.0
normal_id_04_00000013.wav,0.0023578005
normal_id_04_00000014.wav,1.072883e-06
normal_id_04_00000017.wav,0.000109904926
normal_id_04_00000018.wav,1.6689287e-06
normal_id_04_00000019.wav,1.12056105e-05
normal_id_04_00000020.wav,4.7683704e-07
normal_id_04_00000021.wav,4.887569e-06
normal_id_04_00000022.wav,1.5735503e-05
normal_id_04_00000023.wav,3.576278e-07
normal_id_04_00000024.wav,4.76836e-06
normal_id_04_00000025.wav,3.3378547e-06
normal_id_04_00000026.wav,-0.0
normal_id_04_00000027.wav,1.1920922e-06
normal_id_04_00000028.wav,-0.0
normal_id_04_00000029.wav,4.7683704e-07
normal_id_04_00000030.wav,1.1920928e-07
normal_id_04_00000031.wav,1.1920928e-07
normal_id_04_00000032.wav,1.1920922e-06
normal_id_04_00000033.wav,7.6293654e-06
normal_id_04_00000035.wav,4.7683704e-07
normal_id_04_00000036.wav,2.264974e-06
normal_id_04_00000037.wav,-0.0
normal_id_04_00000038.wav,1.2516897e-05
normal_id_04_00000039.wav,1.1920922e-06
normal_id_04_00000041.wav,2.3841855e-07
normal_id_04_00000042.wav,-0.0
normal_id_04_00000043.wav,-0.0
normal_id_04_00000044.wav,2.3841855e-07
normal_id_04_00000045.wav,3.81469e-06
normal_id_04_00000047.wav,3.576278e-07
normal_id_04_00000048.wav,1.1920922e-06
normal_id_04_00000049.wav,1.1920928e-07
normal_id_04_00000050.wav,-0.0
normal_id_04_00000051.wav,1.3113013e-06
normal_id_04_00000052.wav,1.1920928e-07
normal_id_04_00000053.wav,1.490105e-05
normal_id_04_00000054.wav,0.00028987497
normal_id_04_00000055.wav,8.344616e-06
normal_id_04_00000056.wav,1.072883e-06
normal_id_04_00000057.wav,6.1152496e-05
normal_id_04_00000058.wav,-0.0
normal_id_04_00000059.wav,-0.0
normal_id_04_00000061.wav,2.384183e-06
normal_id_04_00000062.wav,9.5367386e-07
normal_id_04_00000063.wav,4.5299425e-06
normal_id_04_00000064.wav,5.3046726e-05
normal_id_04_00000065.wav,6.3180723e-06
normal_id_04_00000066.wav,0.001891135
normal_id_04_00000067.wav,6.675698e-06
normal_id_04_00000068.wav,8.344647e-07
normal_id_04_00000069.wav,0.00015305301
normal_id_04_00000070.wav,1.7523613e-05
normal_id_04_00000071.wav,3.850386e-05
normal_id_04_00000072.wav,2.3841855e-07
normal_id_04_00000073.wav,3.3378547e-06
normal_id_04_00000075.wav,2.384183e-06
normal_id_04_00000076.wav,-0.0
normal_id_04_00000077.wav,9.5367386e-07
normal_id_04_00000078.wav,1.7881378e-06
normal_id_04_00000079.wav,4.76836e-06
normal_id_04_00000080.wav,2.7418098e-06
normal_id_04_00000081.wav,2.0861407e-05
normal_id_04_00000082.wav,2.145765e-06
normal_id_04_00000083.wav,5.960463e-07
normal_id_04_00000084.wav,-0.0
normal_id_04_00000085.wav,0.00032967856
normal_id_04_00000086.wav,5.960463e-07
normal_id_04_00000087.wav,5.960463e-07
normal_id_04_00000088.wav,5.960463e-07
normal_id_04_00000089.wav,4.6848152e-05
normal_id_04_00000090.wav,-0.0
normal_id_04_00000091.wav,1.4543428e-05
normal_id_04_00000092.wav,-0.0
normal_id_04_00000093.wav,4.76836e-06
normal_id_04_00000094.wav,2.3841855e-07
normal_id_04_00000095.wav,0.00030810855
normal_id_04_00000096.wav,-0.0
normal_id_04_00000097.wav,1.072883e-06
normal_id_04_00000098.wav,3.576278e-07
normal_id_04_00000099.wav,1.3589766e-05
normal_id_04_00000101.wav,2.3841855e-07
normal_id_04_00000102.wav,-0.0
normal_id_04_00000103.wav,-0.0
normal_id_04_00000104.wav,0.00036149644
normal_id_04_00000105.wav,1.072883e-06
normal_id_04_00000106.wav,0.008643714
normal_id_04_00000107.wav,-0.0
normal_id_04_00000108.wav,2.264974e-06
normal_id_04_00000109.wav,1.9073468e-06
normal_id_04_00000110.wav,1.8238856e-05
normal_id_04_00000111.wav,2.3126335e-05
normal_id_04_00000112.wav,8.344647e-07
normal_id_04_00000113.wav,1.7881378e-06
normal_id_04_00000114.wav,0.0021013578
normal_id_04_00000115.wav,6.198864e-06
normal_id_04_00000116.wav,2.3722367e-05
normal_id_04_00000117.wav,7.0333235e-06
normal_id_04_00000118.wav,2.3841855e-07
normal_id_04_00000119.wav,2.3841855e-07
normal_id_04_00000121.wav,2.384183e-06
normal_id_04_00000122.wav,1.3112935e-05
normal_id_04_00000123.wav,3.778863e-05
normal_id_04_00000124.wav,6.198864e-06
normal_id_04_00000125.wav,2.0265559e-06
normal_id_04_00000126.wav,5.6028207e-06
normal_id_04_00000127.wav,1.5497195e-06
normal_id_04_00000128.wav,2.3841855e-07
normal_id_04_00000129.wav,2.264974e-06
normal_id_04_00000130.wav,1.8358061e-05
normal_id_04_00000131.wav,3.576278e-07
normal_id_04_00000132.wav,2.6583319e-05
normal_id_04_00000133.wav,4.4464075e-05
normal_id_04_00000134.wav,1.1920928e-07
normal_id_04_00000135.wav,0.009588025
normal_id_04_00000136.wav,2.4556812e-05
normal_id_04_00000137.wav,1.5497195e-06
normal_id_04_00000138.wav,3.81469e-06
normal_id_04_00000139.wav,5.8887654e-05
normal_id_04_00000140.wav,9.274053e-05
normal_id_04_00000141.wav,2.0742202e-05
normal_id_04_00000142.wav,1.41858045e-05
normal_id_04_00000144.wav,0.00031680812
normal_id_04_00000145.wav,-0.0
normal_id_04_00000146.wav,3.564294e-05
normal_id_04_00000147.wav,5.4836123e-06
normal_id_04_00000148.wav,3.81469e-06
normal_id_04_00000150.wav,1.7762026e-05
normal_id_04_00000151.wav,5.960463e-07
normal_id_04_00000152.wav,9.5367386e-07
normal_id_04_00000153.wav,0.00046599974
normal_id_04_00000154.wav,7.6293654e-06
normal_id_04_00000155.wav,1.7881378e-06
normal_id_04_00000157.wav,1.1444026e-05
normal_id_04_00000158.wav,2.264974e-06
normal_id_04_00000159.wav,2.9801879e-05
normal_id_04_00000160.wav,4.7683704e-07
normal_id_04_00000161.wav,2.8610189e-06
normal_id_04_00000162.wav,5.6028207e-06
normal_id_04_00000163.wav,0.0022701463
normal_id_04_00000164.wav,8.344647e-07
normal_id_04_00000165.wav,8.344647e-07
normal_id_04_00000166.wav,0.0018886363
normal_id_04_00000167.wav,9.298281e-06
normal_id_04_00000168.wav,7.7959834e-05
normal_id_04_00000169.wav,9.107175e-05
normal_id_04_00000170.wav,9.5720476e-05
normal_id_04_00000171.wav,5.960463e-07
normal_id_04_00000174.wav,1.4305105e-06
normal_id_04_00000175.wav,8.320462e-05
normal_id_04_00000176.wav,1.1920928e-07
normal_id_04_00000177.wav,2.0265559e-06
normal_id_04_00000178.wav,1.537788e-05
normal_id_04_00000179.wav,9.5367386e-07
normal_id_04_00000180.wav,1.3828182e-05
normal_id_04_00000181.wav,8.463824e-06
normal_id_04_00000182.wav,2.3841855e-07
normal_id_04_00000183.wav,0.0016673009
normal_id_04_00000184.wav,1.5497195e-06
normal_id_04_00000185.wav,4.7205765e-05
normal_id_04_00000186.wav,3.576278e-07
normal_id_04_00000187.wav,5.4836123e-06
normal_id_04_00000189.wav,-0.0
normal_id_04_00000190.wav,1.1920928e-07
normal_id_04_00000191.wav,1.7881378e-06
normal_id_04_00000193.wav,2.5391257e-05
normal_id_04_00000195.wav,1.5497195e-06
normal_id_04_00000196.wav,3.2186456e-06
normal_id_04_00000197.wav,9.5367386e-07
normal_id_04_00000198.wav,9.7751135e-06
normal_id_04_00000199.wav,7.986991e-06
normal_id_04_00000201.wav,-0.0
normal_id_04_00000202.wav,5.3644035e-06
normal_id_04_00000203.wav,3.576278e-07
normal_id_04_00000204.wav,1.0490363e-05
normal_id_04_00000205.wav,3.5762723e-06
normal_id_04_00000206.wav,1.5497195e-06
normal_id_04_00000207.wav,1.1920928e-07
normal_id_04_00000210.wav,7.152555e-07
normal_id_04_00000211.wav,3.81469e-06
normal_id_04_00000212.wav,3.6954812e-06
normal_id_04_00000214.wav,2.503392e-06
normal_id_04_00000215.wav,2.3841855e-07
normal_id_04_00000217.wav,0.00039188334
normal_id_04_00000218.wav,2.3841855e-07
normal_id_04_00000219.wav,1.4305105e-06
normal_id_04_00000220.wav,1.7523613e-05
normal_id_04_00000221.wav,9.5367386e-07
normal_id_04_00000223.wav,1.072883e-06
normal_id_04_00000224.wav,0.0005351065
normal_id_04_00000225.wav,2.3841855e-07
normal_id_04_00000227.wav,1.6569955e-05
normal_id_04_00000228.wav,4.7683704e-07
normal_id_04_00000229.wav,1.072883e-06
normal_id_04_00000230.wav,1.1682442e-05
normal_id_04_00000231.wav,4.7683704e-07
normal_id_04_00000232.wav,1.1920928e-07
normal_id_04_00000233.wav,3.2186456e-06
normal_id_04_00000234.wav,8.344647e-07
normal_id_04_00000236.wav,4.7683704e-07
normal_id_04_00000237.wav,1.28745205e-05
normal_id_04_00000238.wav,0.0021294316
normal_id_04_00000239.wav,2.384183e-06
normal_id_04_00000240.wav,8.106199e-06
normal_id_04_00000241.wav,1.394739e-05
normal_id_04_00000242.wav,3.81469e-06
normal_id_04_00000243.wav,1.9073468e-06
normal_id_04_00000244.wav,0.00020084748
normal_id_04_00000246.wav,5.3644035e-06
normal_id_04_00000247.wav,2.3841855e-07
normal_id_04_00000249.wav,1.001353e-05
normal_id_04_00000250.wav,1.8477269e-05
normal_id_04_00000252.wav,2.3841855e-07
normal_id_04_00000253.wav,9.655906e-06
normal_id_04_00000254.wav,6.3417334e-05
normal_id_04_00000255.wav,0.0003456472
normal_id_04_00000256.wav,4.887569e-06
normal_id_04_00000257.wav,1.1920928e-07
normal_id_04_00000258.wav,6.079655e-06
normal_id_04_00000259.wav,4.6491514e-06
normal_id_04_00000260.wav,1.1920922e-06
normal_id_04_00000261.wav,5.2212305e-05
normal_id_04_00000262.wav,3.5762723e-06
normal_id_04_00000264.wav,0.1234873
normal_id_04_00000265.wav,3.576278e-07
normal_id_04_00000266.wav,3.6954812e-06
normal_id_04_00000268.wav,5.960463e-07
normal_id_04_00000269.wav,0.0017271615
normal_id_04_00000270.wav,2.4556812e-05
normal_id_04_00000271.wav,0.00085377
normal_id_04_00000272.wav,7.152555e-07
normal_id_04_00000273.wav,1.0490363e-05
normal_id_04_00000274.wav,3.2066786e-05
normal_id_04_00000275.wav,0.0003255076
normal_id_04_00000276.wav,3.921909e-05
normal_id_04_00000277.wav,4.887569e-06
normal_id_04_00000278.wav,6.079655e-06
normal_id_04_00000279.wav,1.9192512e-05
normal_id_04_00000280.wav,0.00030870442
normal_id_04_00000281.wav,1.4305105e-06
normal_id_04_00000282.wav,7.152555e-07
normal_id_04_00000283.wav,2.0265559e-06
normal_id_04_00000284.wav,5.1259863e-06
normal_id_04_00000285.wav,1.1324818e-05
normal_id_04_00000286.wav,2.7418098e-06
normal_id_04_00000287.wav,3.576278e-07
normal_id_04_00000288.wav,7.748574e-06
normal_id_04_00000290.wav,6.556296e-05
normal_id_04_00000291.wav,3.576278e-07
normal_id_04_00000292.wav,2.4199193e-05
normal_id_04_00000293.wav,1.072883e-06
normal_id_04_00000294.wav,4.6491514e-06
normal_id_04_00000295.wav,8.463824e-06
normal_id_04_00000296.wav,3.7907834e-05
normal_id_04_00000297.wav,5.960463e-07
normal_id_04_00000298.wav,-0.0
normal_id_04_00000299.wav,8.344647e-07
normal_id_04_00000300.wav,0.00034409802
normal_id_04_00000301.wav,1.5020258e-05
normal_id_04_00000303.wav,4.4106466e-05
normal_id_04_00000304.wav,-0.0
normal_id_04_00000305.wav,0.00019262366
normal_id_04_00000306.wav,2.3841855e-07
normal_id_04_00000307.wav,5.960463e-07
normal_id_04_00000308.wav,2.264974e-06
normal_id_04_00000309.wav,0.0001813009
normal_id_04_00000311.wav,5.960463e-07
normal_id_04_00000312.wav,1.6689287e-06
normal_id_04_00000313.wav,-0.0
normal_id_04_00000314.wav,5.960463e-07
normal_id_04_00000316.wav,8.70224e-06
normal_id_04_00000317.wav,3.0994368e-06
normal_id_04_00000318.wav,8.344647e-07
normal_id_04_00000319.wav,0.0064012725
normal_id_04_00000321.wav,2.3841855e-07
normal_id_04_00000322.wav,2.8610189e-06
normal_id_04_00000323.wav,0.00028570386
normal_id_04_00000324.wav,1.1920928e-07
normal_id_04_00000325.wav,3.933899e-06
normal_id_04_00000326.wav,5.7220295e-06
normal_id_04_00000328.wav,3.6954812e-06
normal_id_04_00000330.wav,2.3841855e-07
normal_id_04_00000331.wav,3.576278e-07
normal_id_04_00000332.wav,2.7418098e-06
normal_id_04_00000333.wav,1.4305105e-06
normal_id_04_00000334.wav,2.145765e-06
normal_id_04_00000335.wav,2.503392e-06
normal_id_04_00000336.wav,4.7683704e-07
normal_id_04_00000338.wav,4.7683704e-07
normal_id_04_00000339.wav,3.5762723e-06
normal_id_04_00000341.wav,2.4318399e-05
normal_id_04_00000342.wav,2.491443e-05
normal_id_04_00000343.wav,3.933899e-06
normal_id_04_00000344.wav,2.3841855e-07
normal_id_04_00000346.wav,2.503392e-06
normal_id_04_00000347.wav,2.5868081e-05
normal_id_04_00000348.wav,0.00011169287
normal_id_04_00000349.wav,0.00015055
normal_id_04_00000350.wav,5.4836123e-06
normal_id_04_00000351.wav,1.1920928e-07
normal_id_04_00000352.wav,1.9907753e-05
normal_id_04_00000353.wav,9.715085e-05
normal_id_04_00000354.wav,1.394739e-05
normal_id_04_00000355.wav,1.1920922e-06
normal_id_04_00000356.wav,9.417489e-06
normal_id_04_00000357.wav,1.3589766e-05
normal_id_04_00000358.wav,8.344616e-06
normal_id_04_00000359.wav,7.748574e-06
normal_id_04_00000361.wav,1.633154e-05
normal_id_04_00000362.wav,4.1007155e-05
normal_id_04_00000363.wav,0.000120632525
normal_id_04_00000364.wav,2.145765e-06
normal_id_04_00000365.wav,0.0001504308
normal_id_04_00000366.wav,2.6583319e-05
normal_id_04_00000369.wav,2.3841855e-07
normal_id_04_00000370.wav,-0.0
normal_id_04_00000371.wav,1.2993728e-05
normal_id_04_00000372.wav,9.5367386e-07
normal_id_04_00000373.wav,5.960463e-07
normal_id_04_00000374.wav,0.0043294746
normal_id_04_00000375.wav,0.00028522714
normal_id_04_00000376.wav,2.264974e-06
normal_id_04_00000377.wav,9.5367386e-07
normal_id_04_00000378.wav,1.1920928e-07
normal_id_04_00000380.wav,4.0531077e-06
normal_id_04_00000381.wav,1.633154e-05
normal_id_04_00000382.wav,1.9788546e-05
normal_id_04_00000383.wav,2.503392e-06
normal_id_04_00000384.wav,4.7683704e-07
normal_id_04_00000385.wav,2.5510462e-05
normal_id_04_00000387.wav,1.6569955e-05
normal_id_04_00000390.wav,0.00405466
normal_id_04_00000391.wav,2.0265374e-05
normal_id_04_00000392.wav,4.2915253e-06
normal_id_04_00000393.wav,1.5497195e-06
normal_id_04_00000394.wav,8.344647e-07
normal_id_04_00000395.wav,4.887569e-06
normal_id_04_00000396.wav,3.576278e-07
normal_id_04_00000397.wav,2.7418098e-06
normal_id_04_00000398.wav,1.1920928e-07
normal_id_04_00000399.wav,1.3708975e-05
normal_id_04_00000400.wav,2.1338235e-05
normal_id_04_00000401.wav,1.1920928e-07
normal_id_04_00000402.wav,1.7881378e-06
normal_id_04_00000403.wav,2.503392e-06
normal_id_04_00000404.wav,1.1920922e-06
normal_id_04_00000405.wav,7.748574e-06
normal_id_04_00000407.wav,1.4543428e-05
normal_id_04_00000408.wav,4.2915253e-06
normal_id_04_00000409.wav,-0.0
normal_id_04_00000410.wav,2.3841855e-07
normal_id_04_00000411.wav,3.0994368e-06
normal_id_04_00000412.wav,1.1920928e-07
normal_id_04_00000413.wav,0.00012289723
normal_id_04_00000414.wav,3.4689303e-05
normal_id_04_00000415.wav,5.960463e-07
normal_id_04_00000416.wav,4.5417706e-05
normal_id_04_00000417.wav,5.233151e-05
normal_id_04_00000418.wav,8.344647e-07
normal_id_04_00000419.wav,2.3841855e-07
normal_id_04_00000420.wav,1.5616295e-05
normal_id_04_00000421.wav,9.298281e-06
normal_id_04_00000422.wav,8.463824e-06
normal_id_04_00000424.wav,1.5497195e-06
normal_id_04_00000425.wav,1.1920928e-07
normal_id_04_00000426.wav,9.7985234e-05
normal_id_04_00000428.wav,9.7751135e-06
normal_id_04_00000429.wav,1.1920928e-07
normal_id_04_00000430.wav,2.3841855e-07
normal_id_04_00000431.wav,-0.0
normal_id_04_00000432.wav,0.013071797
normal_id_04_00000433.wav,1.7523613e-05
normal_id_04_00000434.wav,2.9802277e-06
normal_id_04_00000435.wav,2.264974e-06
normal_id_04_00000436.wav,2.3841855e-07
normal_id_04_00000437.wav,2.3841855e-07
normal_id_04_00000438.wav,2.3841855e-07
normal_id_04_00000439.wav,4.7683704e-07
normal_id_04_00000440.wav,2.3841855e-07
normal_id_04_00000441.wav,-0.0
normal_id_04_00000442.wav,1.1920928e-07
normal_id_04_00000443.wav,1.6689287e-06
normal_id_04_00000444.wav,2.264974e-06
normal_id_04_00000445.wav,1.1920922e-06
normal_id_04_00000446.wav,4.7683704e-07
normal_id_04_00000447.wav,2.622601e-06
normal_id_04_00000448.wav,4.482169e-05
normal_id_04_00000449.wav,1.072883e-06
normal_id_04_00000450.wav,3.6000558e-05
normal_id_04_00000451.wav,-0.0
normal_id_04_00000452.wav,1.0967195e-05
normal_id_04_00000453.wav,4.7683704e-07
normal_id_04_00000454.wav,-0.0
normal_id_04_00000455.wav,3.576278e-07
normal_id_04_00000456.wav,1.1920928e-07
normal_id_04_00000457.wav,3.576278e-07
normal_id_04_00000458.wav,0.002587544
normal_id_04_00000459.wav,2.3841855e-07
normal_id_04_00000460.wav,1.072883e-06
normal_id_04_00000461.wav,1.4305105e-06
normal_id_04_00000462.wav,6.5564896e-06
normal_id_04_00000463.wav,2.5748875e-05
normal_id_04_00000464.wav,3.576278e-07
normal_id_04_00000465.wav,3.6000558e-05
normal_id_04_00000466.wav,3.81469e-06
normal_id_04_00000467.wav,4.7683704e-07
normal_id_04_00000468.wav,2.145765e-06
normal_id_04_00000469.wav,1.2993728e-05
normal_id_04_00000470.wav,2.264974e-06
normal_id_04_00000472.wav,9.059865e-06
normal_id_04_00000473.wav,8.344616e-06
normal_id_04_00000474.wav,0.00029082838
normal_id_04_00000475.wav,2.3841855e-07
normal_id_04_00000476.wav,-0.0
normal_id_04_00000478.wav,6.6635774e-05
normal_id_04_00000479.wav,2.8252203e-05
normal_id_04_00000481.wav,1.1920928e-07
normal_id_04_00000482.wav,9.5367386e-07
normal_id_04_00000483.wav,3.6954812e-06
normal_id_04_00000484.wav,-0.0
normal_id_04_00000485.wav,7.152555e-07
normal_id_04_00000486.wav,0.0012649639
normal_id_04_00000487.wav,-0.0
normal_id_04_00000488.wav,1.3708975e-05
normal_id_04_00000489.wav,2.8610189e-06
normal_id_04_00000491.wav,-0.0
normal_id_04_00000492.wav,8.344647e-07
normal_id_04_00000493.wav,-0.0
normal_id_04_00000494.wav,-0.0
normal_id_04_00000495.wav,2.0265559e-06
normal_id_04_00000496.wav,0.00010907055
normal_id_04_00000497.wav,2.3841855e-07
normal_id_04_00000498.wav,3.4570097e-05
normal_id_04_00000499.wav,9.059865e-06
normal_id_04_00000501.wav,0.005367748
normal_id_04_00000503.wav,0.0010445621
normal_id_04_00000504.wav,0.020094745
normal_id_04_00000505.wav,0.027055722
normal_id_04_00000506.wav,0.00018142008
normal_id_04_00000507.wav,0.0040922957
normal_id_04_00000508.wav,0.057002973
normal_id_04_00000510.wav,0.00038807013
normal_id_04_00000512.wav,0.00033039355
normal_id_04_00000513.wav,0.008048365
normal_id_04_00000514.wav,6.96158e-05
normal_id_04_00000515.wav,0.00029571453
normal_id_04_00000516.wav,0.00057180267
normal_id_04_00000517.wav,0.00016270744
normal_id_04_00000518.wav,0.0012115052
normal_id_04_00000519.wav,0.00025483698
normal_id_04_00000520.wav,0.00024315738
normal_id_04_00000521.wav,0.0008567477
normal_id_04_00000522.wav,0.001029081
normal_id_04_00000523.wav,0.0014154426
normal_id_04_00000524.wav,0.00017796364
normal_id_04_00000526.wav,0.00011836782
normal_id_04_00000527.wav,8.4515814e-05
normal_id_04_00000528.wav,8.8687775e-05
normal_id_04_00000529.wav,0.00048506414
normal_id_04_00000530.wav,0.0015870845
normal_id_04_00000531.wav,4.1723165e-06
normal_id_04_00000532.wav,0.0005019835
normal_id_04_00000533.wav,1.0490363e-05
normal_id_04_00000534.wav,0.01898768
normal_id_04_00000535.wav,8.546941e-05
normal_id_04_00000537.wav,0.002755894
normal_id_04_00000538.wav,0.0011770948
normal_id_04_00000539.wav,0.0050189695
normal_id_04_00000540.wav,0.000694987
normal_id_04_00000541.wav,0.006872824
normal_id_04_00000542.wav,0.00014113385
normal_id_04_00000543.wav,0.004986588
normal_id_04_00000544.wav,0.001529239
normal_id_04_00000545.wav,3.921909e-05
normal_id_04_00000547.wav,0.00033742457
normal_id_04_00000548.wav,0.00036042393
normal_id_04_00000549.wav,2.0265559e-06
normal_id_04_00000550.wav,0.0009433349
normal_id_04_00000551.wav,0.0045525953
normal_id_04_00000552.wav,2.2053475e-05
normal_id_04_00000553.wav,0.00024887803
normal_id_04_00000554.wav,0.00088390376
normal_id_04_00000556.wav,0.0005502379
normal_id_04_00000557.wav,0.0024749383
normal_id_04_00000558.wav,7.748574e-06
normal_id_04_00000560.wav,0.0001948882
normal_id_04_00000561.wav,0.0019525288
normal_id_04_00000562.wav,0.0007744412
normal_id_04_00000564.wav,0.0007260785
normal_id_04_00000567.wav,0.0007602662
normal_id_04_00000568.wav,9.8104436e-05
normal_id_04_00000569.wav,0.00619752
normal_id_04_00000570.wav,0.000681883
normal_id_04_00000571.wav,0.00017295772
normal_id_04_00000573.wav,0.0010064542
normal_id_04_00000574.wav,0.000864966
normal_id_04_00000575.wav,0.00013433985
normal_id_04_00000577.wav,0.0010733802
normal_id_04_00000578.wav,0.0002531685
normal_id_04_00000579.wav,0.0001275458
normal_id_04_00000580.wav,7.8079036e-05
normal_id_04_00000581.wav,0.0021824846
normal_id_04_00000582.wav,0.0021874805
normal_id_04_00000584.wav,0.00013910756
normal_id_04_00000585.wav,0.0003362329
normal_id_04_00000586.wav,0.0060203876
normal_id_04_00000587.wav,8.225407e-06
normal_id_04_00000588.wav,0.0065527568
normal_id_04_00000589.wav,0.00031204123
normal_id_04_00000590.wav,0.0003481497
normal_id_04_00000591.wav,0.00013672371
normal_id_04_00000592.wav,0.00029285433
normal_id_04_00000594.wav,0.004926685
normal_id_04_00000595.wav,4.3033626e-05
normal_id_04_00000596.wav,0.00053522567
normal_id_04_00000597.wav,0.0147369625
normal_id_04_00000599.wav,0.0010272947
normal_id_04_00000600.wav,0.21413994
normal_id_04_00000602.wav,0.002438431
normal_id_04_00000603.wav,0.0019121949
normal_id_04_00000604.wav,0.0007964776
normal_id_04_00000605.wav,0.0060321186
normal_id_04_00000606.wav,0.00030214989
normal_id_04_00000607.wav,1.0967195e-05
normal_id_04_00000608.wav,0.00040797016
normal_id_04_00000609.wav,0.00046314002
normal_id_04_00000610.wav,0.0014838886
normal_id_04_00000611.wav,0.0010674262
normal_id_04_00000612.wav,0.0019457472
normal_id_04_00000613.wav,3.0517112e-05
normal_id_04_00000614.wav,0.0031016597
normal_id_04_00000615.wav,8.391982e-05
normal_id_04_00000616.wav,0.0041408516
normal_id_04_00000620.wav,5.566919e-05
normal_id_04_00000621.wav,0.001538166
normal_id_04_00000622.wav,0.0005218813
normal_id_04_00000623.wav,0.00029821717
normal_id_04_00000624.wav,5.6265202e-05
normal_id_04_00000625.wav,3.623897e-05
normal_id_04_00000626.wav,0.0001957225
normal_id_04_00000627.wav,2.0861407e-05
normal_id_04_00000628.wav,0.00035708727
normal_id_04_00000629.wav,0.00039224082
normal_id_04_00000630.wav,9.512449e-05
normal_id_04_00000631.wav,0.0010188394
normal_id_04_00000632.wav,2.0146166e-05
normal_id_04_00000633.wav,6.94966e-05
normal_id_04_00000634.wav,0.0042682267
normal_id_04_00000635.wav,0.00093833276
normal_id_04_00000636.wav,6.532456e-05
normal_id_04_00000637.wav,0.0033267175
normal_id_04_00000638.wav,0.0007839705
normal_id_04_00000639.wav,0.008575638
normal_id_04_00000640.wav,5.6026798e-05
normal_id_04_00000641.wav,0.0013165149
normal_id_04_00000642.wav,0.00031239874
normal_id_04_00000643.wav,6.9141147e-06
normal_id_04_00000644.wav,0.00019202773
normal_id_04_00000645.wav,0.00073394063
normal_id_04_00000646.wav,0.00060623384
normal_id_04_00000647.wav,1.668916e-05
normal_id_04_00000648.wav,0.00012897613
normal_id_04_00000649.wav,0.00019727192
normal_id_04_00000650.wav,6.5564896e-06
normal_id_04_00000651.wav,0.00066306064
normal_id_04_00000652.wav,0.00057204097
normal_id_04_00000653.wav,8.952217e-05
normal_id_04_00000654.wav,0.00038509106
normal_id_04_00000655.wav,0.0016158869
normal_id_04_00000656.wav,0.00010072678
normal_id_04_00000658.wav,5.2569914e-05
normal_id_04_00000659.wav,0.00033349197
normal_id_04_00000660.wav,2.2053475e-05
normal_id_04_00000661.wav,9.762764e-05
normal_id_04_00000662.wav,0.00031227956
normal_id_04_00000663.wav,0.00019894051
normal_id_04_00000665.wav,0.0036469873
normal_id_04_00000666.wav,7.426463e-05
normal_id_04_00000667.wav,0.00063101406
normal_id_04_00000668.wav,0.009962124
normal_id_04_00000669.wav,0.00041583474
normal_id_04_00000671.wav,0.00062553387
normal_id_04_00000672.wav,0.0025376044
normal_id_04_00000673.wav,0.0001731961
normal_id_04_00000674.wav,0.002458528
normal_id_04_00000675.wav,3.0994368e-06
normal_id_04_00000676.wav,9.190614e-05
normal_id_04_00000677.wav,2.8371409e-05
normal_id_04_00000678.wav,0.00036697806
normal_id_04_00000679.wav,1.180165e-05
normal_id_04_00000680.wav,7.8436635e-05
normal_id_04_00000681.wav,0.00071190286
normal_id_04_00000682.wav,4.553691e-05
normal_id_04_00000683.wav,0.00054928474
normal_id_04_00000684.wav,9.2621325e-05
normal_id_04_00000685.wav,1.20400655e-05
normal_id_04_00000686.wav,2.7894584e-05
normal_id_04_00000688.wav,0.0955578
normal_id_04_00000690.wav,7.104621e-05
normal_id_04_00000691.wav,2.8252203e-05
normal_id_04_00000692.wav,0.0004421687
normal_id_04_00000693.wav,8.999896e-05
normal_id_04_00000694.wav,0.00079993194
normal_id_04_00000695.wav,0.00035327394
normal_id_04_00000696.wav,3.3020428e-05
normal_id_04_00000697.wav,6.782779e-05
normal_id_04_00000698.wav,0.00019810621
normal_id_04_00000699.wav,4.3033626e-05
normal_id_04_00000700.wav,0.000203112
normal_id_04_00000702.wav,0.002120153
normal_id_04_00000703.wav,0.0022851327
normal_id_04_00000704.wav,0.0006580571
normal_id_04_00000705.wav,0.0003060826
normal_id_04_00000706.wav,0.001985842
normal_id_04_00000707.wav,8.082063e-05
normal_id_04_00000708.wav,0.014593761
normal_id_04_00000709.wav,0.001668015
normal_id_04_00000710.wav,6.866219e-05
normal_id_04_00000711.wav,0.00038115866
normal_id_04_00000713.wav,0.0008538891
normal_id_04_00000714.wav,0.029315118
normal_id_04_00000715.wav,0.001441393
normal_id_04_00000716.wav,0.0074116024
normal_id_04_00000717.wav,0.00016282663
normal_id_04_00000718.wav,0.002088391
normal_id_04_00000719.wav,0.22414736
normal_id_04_00000721.wav,0.00035208225
normal_id_04_00000722.wav,0.001040275
normal_id_04_00000723.wav,0.0028924793
normal_id_04_00000724.wav,0.0040939576
normal_id_04_00000725.wav,0.0011892397
normal_id_04_00000726.wav,0.001132681
normal_id_04_00000727.wav,0.021008115
normal_id_04_00000728.wav,0.0035773823
normal_id_04_00000729.wav,0.0003983181
normal_id_04_00000730.wav,0.0067595155
normal_id_04_00000731.wav,0.016704215
normal_id_04_00000732.wav,6.377493e-05
normal_id_04_00000733.wav,0.041981827
normal_id_04_00000734.wav,0.0010693314
normal_id_04_00000735.wav,0.0022890575
normal_id_04_00000736.wav,0.06759497
normal_id_04_00000738.wav,0.0024810028
normal_id_04_00000742.wav,0.00048315772
normal_id_04_00000743.wav,0.003191261
normal_id_04_00000744.wav,0.0003852102
normal_id_04_00000745.wav,0.0013993719
normal_id_04_00000746.wav,0.003542697
normal_id_04_00000747.wav,0.003932482
normal_id_04_00000748.wav,0.007393143
normal_id_04_00000749.wav,0.0006038511
normal_id_04_00000751.wav,4.8874615e-05
normal_id_04_00000752.wav,0.00010179955
normal_id_04_00000753.wav,0.0009037939
normal_id_04_00000754.wav,0.00036745472
normal_id_04_00000755.wav,6.3417334e-05
normal_id_04_00000756.wav,0.0018255726
normal_id_04_00000758.wav,0.0027436493
normal_id_04_00000760.wav,0.00014423284
normal_id_04_00000761.wav,0.00012849936
normal_id_04_00000762.wav,0.00044145374
normal_id_04_00000763.wav,2.193427e-05
normal_id_04_00000765.wav,-0.0
normal_id_04_00000766.wav,9.035656e-05
normal_id_04_00000767.wav,7.748303e-05
normal_id_04_00000768.wav,0.0020040446
normal_id_04_00000769.wav,0.00013815402
normal_id_04_00000770.wav,0.0027765792
normal_id_04_00000771.wav,0.0013183006
normal_id_04_00000773.wav,0.0002640137
normal_id_04_00000774.wav,0.0030619663
normal_id_04_00000775.wav,0.00045968455
normal_id_04_00000776.wav,0.00029416525
normal_id_04_00000777.wav,0.0004916175
normal_id_04_00000778.wav,0.0002039463
normal_id_04_00000780.wav,1.5139465e-05
normal_id_04_00000782.wav,0.00342414
normal_id_04_00000783.wav,2.1099822e-05
normal_id_04_00000784.wav,0.0001596085
normal_id_04_00000785.wav,0.00026174934
normal_id_04_00000786.wav,0.00035923228
normal_id_04_00000787.wav,0.00012826097
normal_id_04_00000788.wav,0.0001619923
normal_id_04_00000789.wav,0.015557943
normal_id_04_00000790.wav,0.0002298091
normal_id_04_00000791.wav,0.0377477
normal_id_04_00000792.wav,0.013456592
normal_id_04_00000793.wav,9.023736e-05
normal_id_04_00000795.wav,5.149709e-05
normal_id_04_00000796.wav,0.00015066919
normal_id_04_00000797.wav,0.00043930893
normal_id_04_00000798.wav,6.496695e-05
normal_id_04_00000799.wav,0.00013136001
normal_id_04_00000800.wav,0.0003100153
normal_id_04_00000801.wav,3.421248e-05
normal_id_04_00000802.wav,6.079489e-05
normal_id_04_00000803.wav,2.741776e-05
normal_id_04_00000804.wav,4.2199197e-05
normal_id_04_00000805.wav,0.0010774289
normal_id_04_00000806.wav,0.0004060636
normal_id_04_00000807.wav,9.4647694e-05
normal_id_04_00000808.wav,0.0019922664
normal_id_04_00000809.wav,1.883489e-05
normal_id_04_00000810.wav,2.8848232e-05
normal_id_04_00000811.wav,0.0006753309
normal_id_04_00000812.wav,9.142935e-05
normal_id_04_00000813.wav,0.00075514405
normal_id_04_00000815.wav,0.00019715272
normal_id_04_00000816.wav,0.000102514736
normal_id_04_00000817.wav,0.020427678
normal_id_04_00000818.wav,6.210611e-05
normal_id_04_00000819.wav,0.00023064337
normal_id_04_00000820.wav,0.00015853578
normal_id_04_00000821.wav,1.4543428e-05
normal_id_04_00000824.wav,0.00028939827
normal_id_04_00000825.wav,2.8729026e-05
normal_id_04_00000826.wav,0.00015066919
normal_id_04_00000827.wav,6.735098e-05
normal_id_04_00000828.wav,0.052680798
normal_id_04_00000829.wav,0.00029619123
normal_id_04_00000830.wav,8.523101e-05
normal_id_04_00000831.wav,0.007676151
normal_id_04_00000832.wav,0.0016925308
normal_id_04_00000833.wav,0.00042715485
normal_id_04_00000834.wav,0.047872014
normal_id_04_00000835.wav,0.00010013079
normal_id_04_00000836.wav,0.00891727
normal_id_04_00000837.wav,8.0582235e-05
normal_id_04_00000838.wav,0.00019178935
normal_id_04_00000839.wav,0.00023338455
normal_id_04_00000840.wav,2.9444262e-05
normal_id_04_00000842.wav,0.00038807013
normal_id_04_00000843.wav,9.417489e-06
normal_id_04_00000844.wav,3.1470758e-05
normal_id_04_00000845.wav,0.0008737799
normal_id_04_00000846.wav,0.00016687908
normal_id_04_00000847.wav,6.556296e-05
normal_id_04_00000848.wav,0.0011661403
normal_id_04_00000849.wav,4.7683704e-07
normal_id_04_00000850.wav,0.0012477002
normal_id_04_00000851.wav,0.00028093683
normal_id_04_00000852.wav,0.001299014
normal_id_04_00000854.wav,0.0007253638
normal_id_04_00000855.wav,5.4596363e-05
normal_id_04_00000856.wav,8.0582235e-05
normal_id_04_00000857.wav,4.9470633e-05
normal_id_04_00000858.wav,0.004164832
normal_id_04_00000860.wav,3.5166122e-05
normal_id_04_00000861.wav,0.00025138078
normal_id_04_00000862.wav,0.00041404733
normal_id_04_00000863.wav,0.0028499246
normal_id_04_00000864.wav,6.198864e-06
normal_id_04_00000865.wav,0.00025543288
normal_id_04_00000866.wav,0.0012615111
normal_id_04_00000867.wav,0.00031728478
normal_id_04_00000868.wav,0.00030048148
normal_id_04_00000869.wav,0.00039974804
normal_id_04_00000870.wav,0.00041619223
normal_id_04_00000871.wav,0.0003109687
normal_id_04_00000872.wav,1.5497088e-05
normal_id_04_00000873.wav,0.0007578838
normal_id_04_00000874.wav,2.1338235e-05
normal_id_04_00000875.wav,1.239769e-05
normal_id_04_00000876.wav,0.00811896
normal_id_04_00000877.wav,9.5367386e-07
normal_id_04_00000878.wav,7.045021e-05
normal_id_04_00000879.wav,0.0011573291
normal_id_04_00000880.wav,3.3616456e-05
normal_id_04_00000881.wav,1.9788546e-05
normal_id_04_00000882.wav,0.00053284277
normal_id_04_00000883.wav,1.6450747e-05
normal_id_04_00000885.wav,0.0035434098
normal_id_04_00000886.wav,4.4464075e-05
normal_id_04_00000887.wav,3.325884e-05
normal_id_04_00000888.wav,1.9073468e-06
normal_id_04_00000889.wav,5.6028207e-06
normal_id_04_00000891.wav,0.0053204373
normal_id_04_00000892.wav,0.00013267114
normal_id_04_00000893.wav,2.8610189e-06
normal_id_04_00000895.wav,0.00070451706
normal_id_04_00000896.wav,0.0035241658
normal_id_04_00000897.wav,1.072883e-06
normal_id_04_00000898.wav,1.2516897e-05
normal_id_04_00000900.wav,0.00014494799
normal_id_04_00000902.wav,5.6026798e-05
normal_id_04_00000904.wav,0.0002022777
normal_id_04_00000905.wav,0.004423951
normal_id_04_00000906.wav,0.00016604476
normal_id_04_00000907.wav,2.8729026e-05
normal_id_04_00000908.wav,7.152301e-05
normal_id_04_00000909.wav,1.966934e-05
normal_id_04_00000910.wav,0.0005085367
normal_id_04_00000911.wav,0.0007726545
normal_id_04_00000912.wav,8.6780594e-05
normal_id_04_00000913.wav,2.7298554e-05
normal_id_04_00000914.wav,0.00033659037
normal_id_04_00000915.wav,4.9947444e-05
normal_id_04_00000916.wav,0.00056060334
normal_id_04_00000917.wav,0.00014304092
normal_id_04_00000918.wav,4.1723165e-06
normal_id_04_00000919.wav,1.5139465e-05
normal_id_04_00000921.wav,6.1152496e-05
normal_id_04_00000922.wav,0.0006374473
normal_id_04_00000923.wav,0.00174882
normal_id_04_00000924.wav,0.001140659
normal_id_04_00000925.wav,0.0023391286
normal_id_04_00000926.wav,0.00017438798
normal_id_04_00000927.wav,0.037778236
normal_id_04_00000929.wav,5.2093103e-05
normal_id_04_00000931.wav,2.6464111e-05
normal_id_04_00000932.wav,1.7881378e-06
normal_id_04_00000933.wav,0.00014685506
normal_id_04_00000934.wav,1.1682442e-05
normal_id_04_00000935.wav,0.007379298
normal_id_04_00000939.wav,0.0006758075
normal_id_04_00000940.wav,0.00013422065
normal_id_04_00000941.wav,0.00043752158
normal_id_04_00000942.wav,0.00012992969
normal_id_04_00000943.wav,0.00018463815
normal_id_04_00000944.wav,0.00027116438
normal_id_04_00000945.wav,1.6450747e-05
normal_id_04_00000946.wav,0.0006756883
normal_id_04_00000947.wav,0.00022968992
normal_id_04_00000948.wav,0.0036620714
normal_id_04_00000950.wav,4.8636208e-05
normal_id_04_00000951.wav,0.0012050755
normal_id_04_00000952.wav,0.055587325
normal_id_04_00000953.wav,0.0011575673
normal_id_04_00000955.wav,0.000101203565
normal_id_04_00000956.wav,2.1815062e-05
normal_id_04_00000957.wav,0.00030310327
normal_id_04_00000958.wav,9.42901e-05
normal_id_04_00000960.wav,6.1629304e-05
normal_id_04_00000961.wav,2.0265374e-05
normal_id_04_00000962.wav,2.6583319e-05
normal_id_04_00000963.wav,4.5417706e-05
normal_id_04_00000964.wav,0.00029583368
normal_id_04_00000965.wav,0.00010561385
normal_id_04_00000966.wav,0.0018112935
normal_id_04_00000967.wav,0.07055341
normal_id_04_00000969.wav,0.0011461363
normal_id_04_00000970.wav,0.00028665725
normal_id_04_00000971.wav,0.00030834688
normal_id_04_00000972.wav,0.00026556302
normal_id_04_00000974.wav,7.188062e-05
normal_id_04_00000975.wav,0.007483781
normal_id_04_00000976.wav,2.7179349e-05
normal_id_04_00000977.wav,0.0014778179
normal_id_04_00000978.wav,4.136477e-05
normal_id_04_00000979.wav,0.010274966
normal_id_04_00000980.wav,1.12056105e-05
normal_id_04_00000981.wav,8.8330184e-05
normal_id_04_00000982.wav,0.00058574206
normal_id_04_00000983.wav,0.00015686711
normal_id_04_00000985.wav,1.7881233e-05
normal_id_04_00000986.wav,4.768258e-05
normal_id_04_00000987.wav,7.152555e-07
normal_id_04_00000988.wav,0.0019214755
normal_id_04_00000989.wav,6.9258196e-05
normal_id_04_00000991.wav,9.536698e-06
normal_id_04_00000992.wav,1.6569955e-05
normal_id_04_00000993.wav,0.00018463815
normal_id_04_00000994.wav,3.5166122e-05
normal_id_04_00000995.wav,0.0009043894
normal_id_04_00000996.wav,4.7444173e-05
normal_id_04_00000997.wav,0.0022983346
normal_id_04_00000998.wav,0.00064590573
normal_id_04_00000999.wav,0.00018606838
