normal_id_06_00000000.wav,2.3841855e-07
normal_id_06_00000001.wav,3.933899e-06
normal_id_06_00000002.wav,2.3841855e-07
normal_id_06_00000003.wav,2.264974e-06
normal_id_06_00000004.wav,2.8610189e-06
normal_id_06_00000005.wav,3.9457496e-05
normal_id_06_00000007.wav,5.841238e-06
normal_id_06_00000008.wav,1.394739e-05
normal_id_06_00000010.wav,5.0067774e-06
normal_id_06_00000011.wav,2.622601e-06
normal_id_06_00000013.wav,0.0005254557
normal_id_06_00000014.wav,6.198864e-06
normal_id_06_00000015.wav,1.0728779e-05
normal_id_06_00000018.wav,5.2450712e-05
normal_id_06_00000019.wav,2.5152844e-05
normal_id_06_00000020.wav,1.3112935e-05
normal_id_06_00000021.wav,1.3589766e-05
normal_id_06_00000022.wav,2.3841855e-07
normal_id_06_00000023.wav,1.072883e-06
normal_id_06_00000024.wav,5.960463e-07
normal_id_06_00000025.wav,4.1723165e-06
normal_id_06_00000026.wav,5.9604467e-06
normal_id_06_00000027.wav,1.1920928e-07
normal_id_06_00000028.wav,5.2927524e-05
normal_id_06_00000029.wav,3.933829e-05
normal_id_06_00000030.wav,1.585471e-05
normal_id_06_00000031.wav,4.7683704e-07
normal_id_06_00000033.wav,0.006358393
normal_id_06_00000034.wav,8.940657e-06
normal_id_06_00000035.wav,6.675698e-06
normal_id_06_00000036.wav,0.0002765273
normal_id_06_00000037.wav,1.1920928e-07
normal_id_06_00000038.wav,0.00021634146
normal_id_06_00000039.wav,7.152555e-07
normal_id_06_00000040.wav,0.00017855957
normal_id_06_00000041.wav,4.7683704e-07
normal_id_06_00000042.wav,9.5367386e-07
normal_id_06_00000044.wav,5.2927524e-05
normal_id_06_00000045.wav,7.3909487e-06
normal_id_06_00000046.wav,7.748574e-06
normal_id_06_00000048.wav,3.1470758e-05
normal_id_06_00000050.wav,3.349725e-05
normal_id_06_00000051.wav,1.1563234e-05
normal_id_06_00000052.wav,1.6689287e-06
normal_id_06_00000053.wav,4.7683704e-07
normal_id_06_00000054.wav,3.6954812e-06
normal_id_06_00000055.wav,6.365574e-05
normal_id_06_00000056.wav,8.427742e-05
normal_id_06_00000058.wav,9.536698e-06
normal_id_06_00000059.wav,2.0265559e-06
normal_id_06_00000060.wav,3.3378547e-06
normal_id_06_00000062.wav,1.0967195e-05
normal_id_06_00000063.wav,2.8610189e-06
normal_id_06_00000064.wav,1.800044e-05
normal_id_06_00000065.wav,1.1920928e-07
normal_id_06_00000066.wav,9.5367386e-07
normal_id_06_00000067.wav,1.6689287e-06
normal_id_06_00000068.wav,-0.0
normal_id_06_00000070.wav,2.264974e-06
normal_id_06_00000071.wav,0.00040344204
normal_id_06_00000072.wav,7.152555e-07
normal_id_06_00000073.wav,2.7536968e-05
normal_id_06_00000074.wav,5.960463e-07
normal_id_06_00000075.wav,5.1735493e-05
normal_id_06_00000077.wav,7.4979835e-05
normal_id_06_00000078.wav,0.000102514736
normal_id_06_00000079.wav,0.0020384265
normal_id_06_00000081.wav,2.0265559e-06
normal_id_06_00000083.wav,2.384183e-06
normal_id_06_00000085.wav,3.2186456e-06
normal_id_06_00000086.wav,2.503392e-06
normal_id_06_00000087.wav,1.0967195e-05
normal_id_06_00000088.wav,5.2927524e-05
normal_id_06_00000089.wav,-0.0
normal_id_06_00000090.wav,3.2543605e-05
normal_id_06_00000091.wav,0.00013457824
normal_id_06_00000092.wav,0.0002840354
normal_id_06_00000093.wav,0.000102753125
normal_id_06_00000094.wav,2.7418098e-06
normal_id_06_00000096.wav,7.3549425e-05
normal_id_06_00000099.wav,2.264974e-06
normal_id_06_00000100.wav,4.0531077e-06
normal_id_06_00000101.wav,1.5497088e-05
normal_id_06_00000102.wav,1.1920928e-07
normal_id_06_00000103.wav,8.344647e-07
normal_id_06_00000104.wav,4.5417706e-05
normal_id_06_00000105.wav,8.344647e-07
normal_id_06_00000106.wav,6.830459e-05
normal_id_06_00000107.wav,5.4836123e-06
normal_id_06_00000108.wav,3.3378547e-06
normal_id_06_00000110.wav,4.1723165e-06
normal_id_06_00000111.wav,2.1815062e-05
normal_id_06_00000112.wav,2.3841855e-07
normal_id_06_00000113.wav,2.7179349e-05
normal_id_06_00000114.wav,0.00010811698
normal_id_06_00000115.wav,7.7959834e-05
normal_id_06_00000116.wav,5.1377883e-05
normal_id_06_00000117.wav,8.344647e-07
normal_id_06_00000118.wav,1.1920928e-07
normal_id_06_00000119.wav,1.7881378e-06
normal_id_06_00000120.wav,3.170917e-05
normal_id_06_00000121.wav,-0.0
normal_id_06_00000122.wav,5.841238e-06
normal_id_06_00000123.wav,6.079655e-06
normal_id_06_00000124.wav,7.152555e-07
normal_id_06_00000125.wav,1.3113013e-06
normal_id_06_00000126.wav,2.3841855e-07
normal_id_06_00000127.wav,5.841238e-06
normal_id_06_00000128.wav,1.4066597e-05
normal_id_06_00000129.wav,3.2186456e-06
normal_id_06_00000130.wav,5.960463e-07
normal_id_06_00000131.wav,1.1920928e-07
normal_id_06_00000132.wav,0.00026437125
normal_id_06_00000133.wav,3.2186456e-06
normal_id_06_00000134.wav,4.2915253e-06
normal_id_06_00000135.wav,9.345572e-05
normal_id_06_00000136.wav,5.3644035e-06
normal_id_06_00000137.wav,8.046303e-05
normal_id_06_00000138.wav,1.6450747e-05
normal_id_06_00000139.wav,8.856858e-05
normal_id_06_00000141.wav,0.0005714452
normal_id_06_00000142.wav,1.633154e-05
normal_id_06_00000143.wav,1.20400655e-05
normal_id_06_00000144.wav,3.81469e-06
normal_id_06_00000145.wav,6.675698e-06
normal_id_06_00000146.wav,0.00010036919
normal_id_06_00000147.wav,2.2053475e-05
normal_id_06_00000148.wav,2.7418098e-06
normal_id_06_00000149.wav,1.2159274e-05
normal_id_06_00000150.wav,4.2915253e-06
normal_id_06_00000151.wav,4.0411134e-05
normal_id_06_00000153.wav,9.5367386e-07
normal_id_06_00000155.wav,0.00038485273
normal_id_06_00000156.wav,3.349725e-05
normal_id_06_00000157.wav,4.410734e-06
normal_id_06_00000158.wav,5.2689116e-05
normal_id_06_00000159.wav,1.4305105e-06
normal_id_06_00000160.wav,1.5497195e-06
normal_id_06_00000161.wav,7.0333235e-06
normal_id_06_00000162.wav,9.7751135e-06
normal_id_06_00000163.wav,0.00018285033
normal_id_06_00000164.wav,7.3909487e-06
normal_id_06_00000165.wav,0.00028510796
normal_id_06_00000166.wav,2.0622994e-05
normal_id_06_00000167.wav,9.536698e-06
normal_id_06_00000168.wav,1.490105e-05
normal_id_06_00000169.wav,0.0012391278
normal_id_06_00000170.wav,2.860982e-05
normal_id_06_00000171.wav,0.00021872512
normal_id_06_00000172.wav,0.0014405599
normal_id_06_00000173.wav,3.0994368e-06
normal_id_06_00000174.wav,2.145765e-06
normal_id_06_00000176.wav,4.1007155e-05
normal_id_06_00000177.wav,0.00019917889
normal_id_06_00000178.wav,2.4437606e-05
normal_id_06_00000179.wav,0.0014041336
normal_id_06_00000180.wav,2.7656173e-05
normal_id_06_00000181.wav,0.00016234987
normal_id_06_00000182.wav,1.4781843e-05
normal_id_06_00000184.wav,6.079655e-06
normal_id_06_00000185.wav,0.00017760607
normal_id_06_00000186.wav,0.00014602071
normal_id_06_00000187.wav,0.00011181206
normal_id_06_00000188.wav,1.3351351e-05
normal_id_06_00000189.wav,0.0009374991
normal_id_06_00000190.wav,9.1790735e-06
normal_id_06_00000191.wav,0.039360277
normal_id_06_00000192.wav,4.887569e-06
normal_id_06_00000193.wav,4.0768748e-05
normal_id_06_00000194.wav,5.4836123e-06
normal_id_06_00000195.wav,2.4556812e-05
normal_id_06_00000197.wav,3.0517112e-05
normal_id_06_00000198.wav,0.00011717586
normal_id_06_00000199.wav,0.00011169287
normal_id_06_00000200.wav,6.9141147e-06
normal_id_06_00000201.wav,8.523101e-05
normal_id_06_00000202.wav,4.6013727e-05
normal_id_06_00000203.wav,8.60654e-05
normal_id_06_00000204.wav,9.1790735e-06
normal_id_06_00000205.wav,2.7179349e-05
normal_id_06_00000206.wav,9.1790735e-06
normal_id_06_00000207.wav,6.258292e-05
normal_id_06_00000208.wav,0.0006559128
normal_id_06_00000209.wav,8.582701e-05
normal_id_06_00000210.wav,3.194758e-05
normal_id_06_00000211.wav,7.3909487e-06
normal_id_06_00000212.wav,1.490105e-05
normal_id_06_00000213.wav,0.00011955977
normal_id_06_00000214.wav,1.6689287e-06
normal_id_06_00000215.wav,0.0057663047
normal_id_06_00000217.wav,0.00016687908
normal_id_06_00000218.wav,5.2808322e-05
normal_id_06_00000219.wav,3.3378547e-06
normal_id_06_00000220.wav,9.059865e-06
normal_id_06_00000221.wav,0.0002755739
normal_id_06_00000222.wav,9.059865e-06
normal_id_06_00000224.wav,2.682173e-05
normal_id_06_00000225.wav,3.373566e-05
normal_id_06_00000226.wav,1.966934e-05
normal_id_06_00000227.wav,4.2437605e-05
normal_id_06_00000228.wav,0.00039271748
normal_id_06_00000229.wav,0.0001811817
normal_id_06_00000230.wav,3.886147e-05
normal_id_06_00000232.wav,9.059865e-06
normal_id_06_00000233.wav,9.846203e-05
normal_id_06_00000234.wav,1.1086402e-05
normal_id_06_00000237.wav,0.00023552982
normal_id_06_00000238.wav,1.8119648e-05
normal_id_06_00000239.wav,0.0030376029
normal_id_06_00000240.wav,0.00092511286
normal_id_06_00000241.wav,1.20400655e-05
normal_id_06_00000242.wav,0.00039271748
normal_id_06_00000243.wav,2.3841574e-05
normal_id_06_00000244.wav,0.00022504182
normal_id_06_00000245.wav,0.00022957074
normal_id_06_00000247.wav,0.00037591544
normal_id_06_00000248.wav,1.5139465e-05
normal_id_06_00000250.wav,0.0003129946
normal_id_06_00000251.wav,0.00046945518
normal_id_06_00000252.wav,6.365574e-05
normal_id_06_00000253.wav,0.00010036919
normal_id_06_00000254.wav,3.81469e-06
normal_id_06_00000255.wav,0.00012504273
normal_id_06_00000256.wav,4.6609744e-05
normal_id_06_00000257.wav,0.005202209
normal_id_06_00000259.wav,0.000106686624
normal_id_06_00000260.wav,2.860982e-05
normal_id_06_00000261.wav,0.02245302
normal_id_06_00000262.wav,0.00017045476
normal_id_06_00000263.wav,3.349725e-05
normal_id_06_00000264.wav,0.00015758227
normal_id_06_00000265.wav,0.00023958198
normal_id_06_00000266.wav,0.0011682836
normal_id_06_00000267.wav,3.874227e-05
normal_id_06_00000268.wav,0.007074308
normal_id_06_00000269.wav,0.009615535
normal_id_06_00000270.wav,0.0002597233
normal_id_06_00000271.wav,9.214454e-05
normal_id_06_00000272.wav,0.0002430382
normal_id_06_00000274.wav,2.2172682e-05
normal_id_06_00000275.wav,0.00014602071
normal_id_06_00000276.wav,4.3272037e-05
normal_id_06_00000278.wav,0.0001772485
normal_id_06_00000279.wav,2.145765e-06
normal_id_06_00000280.wav,1.8715684e-05
normal_id_06_00000282.wav,0.0003906917
normal_id_06_00000283.wav,1.239769e-05
normal_id_06_00000284.wav,2.62257e-05
normal_id_06_00000285.wav,5.960463e-07
normal_id_06_00000286.wav,0.0001678326
normal_id_06_00000288.wav,0.0002636562
normal_id_06_00000289.wav,5.0662664e-05
normal_id_06_00000290.wav,6.0556486e-05
normal_id_06_00000291.wav,3.111314e-05
normal_id_06_00000292.wav,2.3483954e-05
normal_id_06_00000294.wav,1.9550132e-05
normal_id_06_00000295.wav,2.6702524e-05
normal_id_06_00000296.wav,3.564294e-05
normal_id_06_00000297.wav,1.5020258e-05
normal_id_06_00000298.wav,0.00022837892
normal_id_06_00000299.wav,8.165503e-05
normal_id_06_00000300.wav,1.8596476e-05
normal_id_06_00000301.wav,1.3112935e-05
normal_id_06_00000302.wav,3.4331686e-05
normal_id_06_00000303.wav,0.0016013668
normal_id_06_00000304.wav,8.2608625e-05
normal_id_06_00000305.wav,7.617183e-05
normal_id_06_00000306.wav,0.00020764102
normal_id_06_00000308.wav,0.0010012143
normal_id_06_00000309.wav,0.035693895
normal_id_06_00000310.wav,6.079489e-05
normal_id_06_00000311.wav,8.940657e-06
normal_id_06_00000312.wav,4.410734e-06
normal_id_06_00000313.wav,0.0014149664
normal_id_06_00000314.wav,0.0024255875
normal_id_06_00000315.wav,0.0014471068
normal_id_06_00000316.wav,0.0008606782
normal_id_06_00000317.wav,0.000107878586
normal_id_06_00000318.wav,0.0048291716
normal_id_06_00000319.wav,0.00083911966
normal_id_06_00000320.wav,0.0007358466
normal_id_06_00000321.wav,0.00020358874
normal_id_06_00000322.wav,0.00022051287
normal_id_06_00000323.wav,0.00037186383
normal_id_06_00000324.wav,0.00076252944
normal_id_06_00000325.wav,0.00074525713
normal_id_06_00000326.wav,0.0015856562
normal_id_06_00000327.wav,0.0009595319
normal_id_06_00000328.wav,0.00054142124
normal_id_06_00000329.wav,0.00011288482
normal_id_06_00000330.wav,0.0004232226
normal_id_06_00000331.wav,9.285972e-05
normal_id_06_00000332.wav,0.04743635
normal_id_06_00000333.wav,0.00016103878
normal_id_06_00000334.wav,4.3868058e-05
normal_id_06_00000335.wav,0.00053689367
normal_id_06_00000336.wav,5.090107e-05
normal_id_06_00000337.wav,0.00023064337
normal_id_06_00000338.wav,0.00010334911
normal_id_06_00000340.wav,0.002280494
normal_id_06_00000341.wav,8.4158215e-05
normal_id_06_00000342.wav,0.0002750972
normal_id_06_00000343.wav,0.00017855957
normal_id_06_00000344.wav,1.7523613e-05
normal_id_06_00000345.wav,9.536698e-06
normal_id_06_00000346.wav,0.0013421108
normal_id_06_00000347.wav,0.00043704495
normal_id_06_00000348.wav,0.00011228884
normal_id_06_00000349.wav,6.198691e-05
normal_id_06_00000350.wav,3.0994368e-06
normal_id_06_00000351.wav,4.708656e-05
normal_id_06_00000352.wav,0.0015672079
normal_id_06_00000353.wav,0.00026556302
normal_id_06_00000354.wav,8.427742e-05
normal_id_06_00000355.wav,2.1099822e-05
normal_id_06_00000356.wav,0.0003246734
normal_id_06_00000357.wav,1.9430925e-05
normal_id_06_00000358.wav,0.00010191875
normal_id_06_00000359.wav,0.00030095817
normal_id_06_00000360.wav,0.00015007323
normal_id_06_00000361.wav,-0.0
normal_id_06_00000363.wav,0.00028022178
normal_id_06_00000364.wav,9.1667745e-05
normal_id_06_00000365.wav,0.00011967897
normal_id_06_00000366.wav,9.298281e-06
normal_id_06_00000367.wav,0.00020096666
normal_id_06_00000368.wav,9.691246e-05
normal_id_06_00000369.wav,7.8436635e-05
normal_id_06_00000370.wav,8.1774226e-05
normal_id_06_00000371.wav,0.019768598
normal_id_06_00000372.wav,6.9854206e-05
normal_id_06_00000373.wav,0.0014448452
normal_id_06_00000374.wav,6.4490145e-05
normal_id_06_00000375.wav,0.0009858515
normal_id_06_00000376.wav,0.0001349358
normal_id_06_00000377.wav,1.7285198e-05
normal_id_06_00000378.wav,2.3722367e-05
normal_id_06_00000379.wav,0.0005229536
normal_id_06_00000380.wav,1.633154e-05
normal_id_06_00000381.wav,0.00020525733
normal_id_06_00000383.wav,0.004713377
normal_id_06_00000384.wav,1.800044e-05
normal_id_06_00000385.wav,7.950944e-05
normal_id_06_00000387.wav,0.0033337276
normal_id_06_00000389.wav,5.841238e-06
normal_id_06_00000390.wav,4.4464075e-05
normal_id_06_00000391.wav,0.00027164107
normal_id_06_00000392.wav,0.00016747502
normal_id_06_00000393.wav,0.0009794206
normal_id_06_00000394.wav,3.635817e-05
normal_id_06_00000395.wav,0.0002454218
normal_id_06_00000396.wav,0.00016699827
normal_id_06_00000397.wav,0.005752556
normal_id_06_00000398.wav,0.0008255411
normal_id_06_00000399.wav,1.9073304e-05
normal_id_06_00000400.wav,0.00013052566
normal_id_06_00000401.wav,0.00088068796
normal_id_06_00000402.wav,9.786604e-05
normal_id_06_00000403.wav,0.008857484
normal_id_06_00000404.wav,6.7708585e-05
normal_id_06_00000405.wav,8.964137e-05
normal_id_06_00000407.wav,0.0016901507
normal_id_06_00000408.wav,0.010768164
normal_id_06_00000409.wav,5.6861216e-05
normal_id_06_00000410.wav,0.00030703598
normal_id_06_00000411.wav,0.011321468
normal_id_06_00000412.wav,0.00068093
normal_id_06_00000413.wav,0.0031399254
normal_id_06_00000414.wav,0.00054249354
normal_id_06_00000416.wav,0.0001584166
normal_id_06_00000417.wav,0.000109547334
normal_id_06_00000418.wav,1.6093125e-05
normal_id_06_00000419.wav,8.5830325e-06
normal_id_06_00000420.wav,0.00013314791
normal_id_06_00000423.wav,0.00014959647
normal_id_06_00000424.wav,0.0037108862
normal_id_06_00000425.wav,0.00059586886
normal_id_06_00000426.wav,0.00012301642
normal_id_06_00000427.wav,6.93774e-05
normal_id_06_00000428.wav,2.6106494e-05
normal_id_06_00000429.wav,0.0010375361
normal_id_06_00000430.wav,0.2301715
normal_id_06_00000431.wav,0.00078944984
normal_id_06_00000432.wav,0.0009366654
normal_id_06_00000433.wav,0.0018787605
normal_id_06_00000434.wav,3.8384653e-05
normal_id_06_00000435.wav,0.00017045476
normal_id_06_00000436.wav,0.0036336842
normal_id_06_00000437.wav,1.2278481e-05
normal_id_06_00000438.wav,0.0005220004
normal_id_06_00000439.wav,0.00010466028
normal_id_06_00000441.wav,0.000114791954
normal_id_06_00000442.wav,0.00071047334
normal_id_06_00000443.wav,4.6490542e-05
normal_id_06_00000445.wav,0.00020489977
normal_id_06_00000446.wav,0.00019512657
normal_id_06_00000447.wav,0.00033015522
normal_id_06_00000448.wav,9.536698e-06
normal_id_06_00000449.wav,0.001362111
normal_id_06_00000450.wav,2.8252203e-05
normal_id_06_00000451.wav,0.00028999415
normal_id_06_00000452.wav,0.0005225962
normal_id_06_00000453.wav,5.805324e-05
normal_id_06_00000454.wav,0.00022051287
normal_id_06_00000455.wav,0.0015113847
normal_id_06_00000456.wav,0.0009211826
normal_id_06_00000457.wav,0.00026615892
normal_id_06_00000458.wav,7.6648634e-05
normal_id_06_00000459.wav,0.00073310675
normal_id_06_00000460.wav,9.536698e-06
normal_id_06_00000461.wav,0.013597957
normal_id_06_00000462.wav,2.002696e-05
normal_id_06_00000463.wav,0.0005909842
normal_id_06_00000464.wav,7.8913436e-05
normal_id_06_00000465.wav,8.082063e-05
normal_id_06_00000467.wav,0.00018058576
normal_id_06_00000468.wav,0.019118324
normal_id_06_00000469.wav,1.3112935e-05
normal_id_06_00000471.wav,0.028549153
normal_id_06_00000472.wav,0.0155938575
normal_id_06_00000473.wav,6.079655e-06
normal_id_06_00000474.wav,0.00027271366
normal_id_06_00000475.wav,0.00014745102
normal_id_06_00000476.wav,8.344616e-06
normal_id_06_00000477.wav,0.022066306
normal_id_06_00000478.wav,0.00012540031
normal_id_06_00000479.wav,0.00076920004
normal_id_06_00000480.wav,0.0001447096
normal_id_06_00000481.wav,0.0001163415
normal_id_06_00000482.wav,0.005835876
normal_id_06_00000483.wav,1.4543428e-05
normal_id_06_00000484.wav,6.7708585e-05
normal_id_06_00000485.wav,2.62257e-05
normal_id_06_00000488.wav,3.2305197e-05
normal_id_06_00000489.wav,0.0005241451
normal_id_06_00000490.wav,0.0023663633
normal_id_06_00000491.wav,0.00011097769
normal_id_06_00000492.wav,4.7683704e-07
normal_id_06_00000493.wav,4.2915253e-06
normal_id_06_00000495.wav,4.410734e-06
normal_id_06_00000496.wav,-0.0
normal_id_06_00000497.wav,-0.0
normal_id_06_00000498.wav,-0.0
normal_id_06_00000500.wav,-0.0
normal_id_06_00000501.wav,-0.0
normal_id_06_00000502.wav,-0.0
normal_id_06_00000503.wav,-0.0
normal_id_06_00000504.wav,-0.0
normal_id_06_00000505.wav,3.576278e-07
normal_id_06_00000506.wav,-0.0
normal_id_06_00000507.wav,-0.0
normal_id_06_00000508.wav,-0.0
normal_id_06_00000509.wav,-0.0
normal_id_06_00000510.wav,-0.0
normal_id_06_00000512.wav,7.152555e-07
normal_id_06_00000513.wav,-0.0
normal_id_06_00000515.wav,4.7683704e-07
normal_id_06_00000516.wav,-0.0
normal_id_06_00000518.wav,-0.0
normal_id_06_00000519.wav,1.1920928e-07
normal_id_06_00000520.wav,2.503392e-06
normal_id_06_00000521.wav,3.2186456e-06
normal_id_06_00000522.wav,-0.0
normal_id_06_00000523.wav,-0.0
normal_id_06_00000524.wav,2.3841855e-07
normal_id_06_00000525.wav,-0.0
normal_id_06_00000526.wav,-0.0
normal_id_06_00000527.wav,3.576278e-07
normal_id_06_00000528.wav,1.1920928e-07
normal_id_06_00000529.wav,2.3841855e-07
normal_id_06_00000530.wav,1.5616295e-05
normal_id_06_00000531.wav,3.5881352e-05
normal_id_06_00000532.wav,1.1920928e-07
normal_id_06_00000533.wav,-0.0
normal_id_06_00000534.wav,2.3841855e-07
normal_id_06_00000535.wav,-0.0
normal_id_06_00000537.wav,5.960463e-07
normal_id_06_00000538.wav,-0.0
normal_id_06_00000541.wav,1.072883e-06
normal_id_06_00000543.wav,-0.0
normal_id_06_00000545.wav,3.576278e-07
normal_id_06_00000546.wav,-0.0
normal_id_06_00000547.wav,3.2186456e-06
normal_id_06_00000549.wav,2.1576649e-05
normal_id_06_00000550.wav,-0.0
normal_id_06_00000551.wav,-0.0
normal_id_06_00000552.wav,-0.0
normal_id_06_00000553.wav,2.3841855e-07
normal_id_06_00000554.wav,-0.0
normal_id_06_00000555.wav,-0.0
normal_id_06_00000557.wav,-0.0
normal_id_06_00000558.wav,-0.0
normal_id_06_00000559.wav,-0.0
normal_id_06_00000560.wav,-0.0
normal_id_06_00000561.wav,3.576278e-07
normal_id_06_00000562.wav,2.3841855e-07
normal_id_06_00000563.wav,-0.0
normal_id_06_00000566.wav,2.3841855e-07
normal_id_06_00000567.wav,4.887569e-06
normal_id_06_00000568.wav,1.1920928e-07
normal_id_06_00000569.wav,4.7683704e-07
normal_id_06_00000570.wav,3.81469e-06
normal_id_06_00000571.wav,7.0333235e-06
normal_id_06_00000572.wav,8.344647e-07
normal_id_06_00000573.wav,-0.0
normal_id_06_00000574.wav,-0.0
normal_id_06_00000575.wav,1.1920928e-07
normal_id_06_00000576.wav,3.5762723e-06
normal_id_06_00000581.wav,8.344647e-07
normal_id_06_00000582.wav,-0.0
normal_id_06_00000583.wav,-0.0
normal_id_06_00000584.wav,-0.0
normal_id_06_00000585.wav,3.576278e-07
normal_id_06_00000586.wav,-0.0
normal_id_06_00000587.wav,1.1920928e-07
normal_id_06_00000588.wav,-0.0
normal_id_06_00000589.wav,4.76836e-06
normal_id_06_00000590.wav,1.1920928e-07
normal_id_06_00000591.wav,-0.0
normal_id_06_00000592.wav,1.1920928e-07
normal_id_06_00000593.wav,-0.0
normal_id_06_00000594.wav,-0.0
normal_id_06_00000595.wav,-0.0
normal_id_06_00000596.wav,5.3644035e-06
normal_id_06_00000597.wav,-0.0
normal_id_06_00000598.wav,-0.0
normal_id_06_00000599.wav,-0.0
normal_id_06_00000600.wav,-0.0
normal_id_06_00000601.wav,1.1682442e-05
normal_id_06_00000602.wav,6.9141147e-06
normal_id_06_00000603.wav,-0.0
normal_id_06_00000604.wav,1.1920928e-07
normal_id_06_00000605.wav,-0.0
normal_id_06_00000606.wav,1.1920928e-07
normal_id_06_00000607.wav,2.3841855e-07
normal_id_06_00000608.wav,3.2901222e-05
normal_id_06_00000609.wav,0.00022551854
normal_id_06_00000610.wav,2.9802277e-06
normal_id_06_00000611.wav,1.3113013e-06
normal_id_06_00000612.wav,2.0265559e-06
normal_id_06_00000613.wav,0.00067735615
normal_id_06_00000614.wav,7.152555e-07
normal_id_06_00000615.wav,3.576278e-07
normal_id_06_00000616.wav,1.1920922e-06
normal_id_06_00000617.wav,1.5139465e-05
normal_id_06_00000618.wav,2.622601e-06
normal_id_06_00000619.wav,2.3841574e-05
normal_id_06_00000620.wav,7.152532e-06
normal_id_06_00000621.wav,9.894322e-06
normal_id_06_00000622.wav,1.9073468e-06
normal_id_06_00000623.wav,2.3841855e-07
normal_id_06_00000624.wav,4.7683704e-07
normal_id_06_00000625.wav,-0.0
normal_id_06_00000626.wav,8.344647e-07
normal_id_06_00000627.wav,-0.0
normal_id_06_00000628.wav,-0.0
normal_id_06_00000629.wav,-0.0
normal_id_06_00000630.wav,1.1920928e-07
normal_id_06_00000633.wav,-0.0
normal_id_06_00000635.wav,0.0005301024
normal_id_06_00000636.wav,-0.0
normal_id_06_00000637.wav,1.442422e-05
normal_id_06_00000638.wav,1.7881378e-06
normal_id_06_00000639.wav,0.00011300402
normal_id_06_00000640.wav,3.4570635e-06
normal_id_06_00000641.wav,-0.0
normal_id_06_00000642.wav,-0.0
normal_id_06_00000643.wav,7.152555e-07
normal_id_06_00000644.wav,3.576278e-07
normal_id_06_00000646.wav,0.0033164995
normal_id_06_00000647.wav,1.1920928e-07
normal_id_06_00000648.wav,-0.0
normal_id_06_00000649.wav,1.1920928e-07
normal_id_06_00000650.wav,2.5033638e-05
normal_id_06_00000651.wav,-0.0
normal_id_06_00000654.wav,-0.0
normal_id_06_00000655.wav,-0.0
normal_id_06_00000656.wav,5.960463e-07
normal_id_06_00000657.wav,-0.0
normal_id_06_00000658.wav,-0.0
normal_id_06_00000659.wav,-0.0
normal_id_06_00000661.wav,-0.0
normal_id_06_00000662.wav,1.1920928e-07
normal_id_06_00000663.wav,2.3841855e-07
normal_id_06_00000664.wav,-0.0
normal_id_06_00000666.wav,1.1920928e-07
normal_id_06_00000667.wav,3.576278e-07
normal_id_06_00000668.wav,-0.0
normal_id_06_00000670.wav,5.0067774e-06
normal_id_06_00000671.wav,-0.0
normal_id_06_00000672.wav,0.00018583001
normal_id_06_00000674.wav,4.76836e-06
normal_id_06_00000676.wav,2.0265559e-06
normal_id_06_00000677.wav,0.00067735615
normal_id_06_00000678.wav,8.344647e-07
normal_id_06_00000679.wav,2.0265559e-06
normal_id_06_00000680.wav,-0.0
normal_id_06_00000681.wav,-0.0
normal_id_06_00000683.wav,3.576278e-07
normal_id_06_00000685.wav,7.986991e-06
normal_id_06_00000686.wav,-0.0
normal_id_06_00000687.wav,3.5046916e-05
normal_id_06_00000688.wav,-0.0
normal_id_06_00000689.wav,-0.0
normal_id_06_00000691.wav,1.1920928e-07
normal_id_06_00000692.wav,1.072883e-06
normal_id_06_00000693.wav,3.576278e-07
normal_id_06_00000694.wav,-0.0
normal_id_06_00000695.wav,-0.0
normal_id_06_00000696.wav,3.2066786e-05
normal_id_06_00000697.wav,-0.0
normal_id_06_00000698.wav,-0.0
normal_id_06_00000699.wav,2.1815062e-05
normal_id_06_00000701.wav,1.3351351e-05
normal_id_06_00000702.wav,3.5166122e-05
normal_id_06_00000703.wav,1.6689287e-06
normal_id_06_00000704.wav,5.960463e-07
normal_id_06_00000705.wav,1.1920928e-07
normal_id_06_00000706.wav,1.5497195e-06
normal_id_06_00000707.wav,5.960463e-07
normal_id_06_00000709.wav,7.152555e-07
normal_id_06_00000710.wav,2.264974e-06
normal_id_06_00000711.wav,7.152555e-07
normal_id_06_00000712.wav,-0.0
normal_id_06_00000715.wav,5.960463e-07
normal_id_06_00000716.wav,8.344647e-07
normal_id_06_00000717.wav,2.6106494e-05
normal_id_06_00000718.wav,-0.0
normal_id_06_00000720.wav,-0.0
normal_id_06_00000721.wav,4.7683704e-07
normal_id_06_00000722.wav,5.960463e-07
normal_id_06_00000723.wav,7.152555e-07
normal_id_06_00000725.wav,-0.0
normal_id_06_00000726.wav,2.3841855e-07
normal_id_06_00000727.wav,-0.0
normal_id_06_00000728.wav,-0.0
normal_id_06_00000729.wav,1.7881378e-06
normal_id_06_00000730.wav,4.1723165e-06
normal_id_06_00000731.wav,3.5762723e-06
normal_id_06_00000732.wav,3.576278e-07
normal_id_06_00000733.wav,2.0265559e-06
normal_id_06_00000734.wav,1.1920928e-07
normal_id_06_00000735.wav,1.1920928e-07
normal_id_06_00000736.wav,1.1920928e-07
normal_id_06_00000737.wav,2.3841855e-07
normal_id_06_00000738.wav,1.1920928e-07
normal_id_06_00000740.wav,1.1920928e-07
normal_id_06_00000741.wav,2.3841855e-07
normal_id_06_00000742.wav,2.3841855e-07
normal_id_06_00000743.wav,-0.0
normal_id_06_00000744.wav,6.210611e-05
normal_id_06_00000745.wav,-0.0
normal_id_06_00000746.wav,2.3841855e-07
normal_id_06_00000747.wav,-0.0
normal_id_06_00000748.wav,-0.0
normal_id_06_00000749.wav,-0.0
normal_id_06_00000750.wav,-0.0
normal_id_06_00000751.wav,1.3113013e-06
normal_id_06_00000752.wav,1.1920928e-07
normal_id_06_00000753.wav,-0.0
normal_id_06_00000754.wav,-0.0
normal_id_06_00000755.wav,1.1920928e-07
normal_id_06_00000756.wav,1.716599e-05
normal_id_06_00000757.wav,-0.0
normal_id_06_00000758.wav,6.3536536e-05
normal_id_06_00000759.wav,5.1259863e-06
normal_id_06_00000760.wav,5.960463e-07
normal_id_06_00000761.wav,-0.0
normal_id_06_00000762.wav,7.152555e-07
normal_id_06_00000763.wav,-0.0
normal_id_06_00000764.wav,-0.0
normal_id_06_00000765.wav,1.1920928e-07
normal_id_06_00000766.wav,1.2278481e-05
normal_id_06_00000767.wav,2.264974e-06
normal_id_06_00000768.wav,5.245195e-06
normal_id_06_00000769.wav,0.001259368
normal_id_06_00000770.wav,0.008924241
normal_id_06_00000771.wav,2.0265559e-06
normal_id_06_00000772.wav,4.5299425e-06
normal_id_06_00000773.wav,7.6293654e-06
normal_id_06_00000774.wav,4.1603176e-05
normal_id_06_00000775.wav,1.072883e-06
normal_id_06_00000776.wav,1.6689287e-06
normal_id_06_00000778.wav,1.3112935e-05
normal_id_06_00000779.wav,4.0768748e-05
normal_id_06_00000780.wav,2.5033638e-05
normal_id_06_00000781.wav,0.00014757022
normal_id_06_00000783.wav,0.0018851857
normal_id_06_00000784.wav,0.00014828535
normal_id_06_00000785.wav,1.3589766e-05
normal_id_06_00000786.wav,0.00017474555
normal_id_06_00000787.wav,3.3854863e-05
normal_id_06_00000788.wav,0.0012781792
normal_id_06_00000789.wav,7.152532e-06
normal_id_06_00000790.wav,0.0005181877
normal_id_06_00000791.wav,0.00058895885
normal_id_06_00000792.wav,0.000287849
normal_id_06_00000793.wav,4.5299425e-06
normal_id_06_00000794.wav,5.6026798e-05
normal_id_06_00000795.wav,4.4344873e-05
normal_id_06_00000796.wav,4.088795e-05
normal_id_06_00000797.wav,8.3085426e-05
normal_id_06_00000798.wav,4.7683704e-07
normal_id_06_00000799.wav,0.00013779645
normal_id_06_00000800.wav,1.0847986e-05
normal_id_06_00000801.wav,7.6293654e-06
normal_id_06_00000802.wav,0.002352211
normal_id_06_00000804.wav,4.2915253e-06
normal_id_06_00000805.wav,0.002114443
normal_id_06_00000806.wav,5.960463e-07
normal_id_06_00000807.wav,5.960463e-07
normal_id_06_00000808.wav,8.344647e-07
normal_id_06_00000809.wav,2.3841855e-07
normal_id_06_00000810.wav,1.9073468e-06
normal_id_06_00000811.wav,2.0265559e-06
normal_id_06_00000812.wav,9.5367386e-07
normal_id_06_00000813.wav,1.3232144e-05
normal_id_06_00000815.wav,7.152555e-07
normal_id_06_00000816.wav,4.7683704e-07
normal_id_06_00000817.wav,9.536698e-06
normal_id_06_00000818.wav,-0.0
normal_id_06_00000819.wav,2.3841855e-07
normal_id_06_00000820.wav,1.6689287e-06
normal_id_06_00000821.wav,3.2186456e-06
normal_id_06_00000822.wav,-0.0
normal_id_06_00000823.wav,-0.0
normal_id_06_00000824.wav,1.1920928e-07
normal_id_06_00000826.wav,3.6954812e-06
normal_id_06_00000827.wav,1.4305105e-06
normal_id_06_00000828.wav,1.1563234e-05
normal_id_06_00000829.wav,5.960463e-07
normal_id_06_00000830.wav,9.5367386e-07
normal_id_06_00000831.wav,1.5497195e-06
normal_id_06_00000833.wav,5.7220295e-06
normal_id_06_00000835.wav,5.1259863e-06
normal_id_06_00000836.wav,7.152555e-07
normal_id_06_00000838.wav,-0.0
normal_id_06_00000839.wav,8.463824e-06
normal_id_06_00000840.wav,-0.0
normal_id_06_00000841.wav,4.7683704e-07
normal_id_06_00000842.wav,1.3113013e-06
normal_id_06_00000843.wav,8.344647e-07
normal_id_06_00000844.wav,7.152555e-07
normal_id_06_00000845.wav,1.1920928e-07
normal_id_06_00000846.wav,1.1920928e-07
normal_id_06_00000848.wav,3.576278e-07
normal_id_06_00000849.wav,1.4305105e-06
normal_id_06_00000850.wav,-0.0
normal_id_06_00000851.wav,-0.0
normal_id_06_00000852.wav,4.410734e-06
normal_id_06_00000853.wav,1.1920928e-07
normal_id_06_00000854.wav,-0.0
normal_id_06_00000855.wav,-0.0
normal_id_06_00000856.wav,-0.0
normal_id_06_00000857.wav,3.6954812e-06
normal_id_06_00000858.wav,2.9563467e-05
normal_id_06_00000859.wav,1.1920928e-07
normal_id_06_00000860.wav,4.2318403e-05
normal_id_06_00000861.wav,1.4305105e-06
normal_id_06_00000863.wav,-0.0
normal_id_06_00000864.wav,1.1920928e-07
normal_id_06_00000866.wav,2.7060143e-05
normal_id_06_00000869.wav,1.5497195e-06
normal_id_06_00000870.wav,3.2186456e-06
normal_id_06_00000871.wav,9.5367386e-07
normal_id_06_00000872.wav,1.883489e-05
normal_id_06_00000873.wav,2.0503787e-05
normal_id_06_00000874.wav,2.384183e-06
normal_id_06_00000875.wav,1.4543428e-05
normal_id_06_00000876.wav,2.8610189e-06
normal_id_06_00000877.wav,1.883489e-05
normal_id_06_00000879.wav,5.4836123e-06
normal_id_06_00000880.wav,1.1920928e-07
normal_id_06_00000881.wav,3.4570635e-06
normal_id_06_00000882.wav,2.3841855e-07
normal_id_06_00000883.wav,2.6344906e-05
normal_id_06_00000884.wav,-0.0
normal_id_06_00000885.wav,2.264974e-06
normal_id_06_00000886.wav,1.8715684e-05
normal_id_06_00000887.wav,8.344647e-07
normal_id_06_00000888.wav,2.1219028e-05
normal_id_06_00000889.wav,2.622601e-06
normal_id_06_00000890.wav,0.00017653337
normal_id_06_00000891.wav,3.81469e-06
normal_id_06_00000892.wav,4.7683704e-07
normal_id_06_00000893.wav,6.7949063e-06
normal_id_06_00000894.wav,1.585471e-05
normal_id_06_00000895.wav,7.152555e-07
normal_id_06_00000896.wav,1.1920928e-07
normal_id_06_00000897.wav,5.960463e-07
normal_id_06_00000898.wav,-0.0
normal_id_06_00000899.wav,0.0006934384
normal_id_06_00000900.wav,0.00015496007
normal_id_06_00000901.wav,2.7298554e-05
normal_id_06_00000902.wav,7.8436635e-05
normal_id_06_00000903.wav,2.3841855e-07
normal_id_06_00000904.wav,1.1920928e-07
normal_id_06_00000905.wav,8.3085426e-05
normal_id_06_00000906.wav,6.758938e-05
normal_id_06_00000907.wav,-0.0
normal_id_06_00000908.wav,1.4305105e-06
normal_id_06_00000909.wav,9.417489e-06
normal_id_06_00000910.wav,-0.0
normal_id_06_00000912.wav,3.6715788e-05
normal_id_06_00000913.wav,2.7418098e-06
normal_id_06_00000914.wav,2.5510462e-05
normal_id_06_00000915.wav,3.802704e-05
normal_id_06_00000917.wav,7.867782e-06
normal_id_06_00000918.wav,9.1790735e-06
normal_id_06_00000919.wav,3.5762723e-06
normal_id_06_00000920.wav,3.576278e-07
normal_id_06_00000921.wav,3.81469e-06
normal_id_06_00000922.wav,0.00021538799
normal_id_06_00000924.wav,1.3112935e-05
normal_id_06_00000925.wav,0.00089105
normal_id_06_00000926.wav,3.0159496e-05
normal_id_06_00000927.wav,2.3841855e-07
normal_id_06_00000928.wav,2.3841574e-05
normal_id_06_00000929.wav,9.059865e-06
normal_id_06_00000930.wav,7.2717403e-06
normal_id_06_00000932.wav,3.0397907e-05
normal_id_06_00000933.wav,0.0130603835
normal_id_06_00000935.wav,0.00013541259
normal_id_06_00000936.wav,3.170917e-05
normal_id_06_00000937.wav,3.6954812e-06
normal_id_06_00000938.wav,1.1920922e-06
normal_id_06_00000939.wav,1.072883e-06
normal_id_06_00000940.wav,1.1920928e-07
normal_id_06_00000941.wav,3.933829e-05
normal_id_06_00000942.wav,8.70224e-06
normal_id_06_00000943.wav,8.940297e-05
normal_id_06_00000944.wav,2.622601e-06
normal_id_06_00000945.wav,9.5367386e-07
normal_id_06_00000946.wav,2.324554e-05
normal_id_06_00000947.wav,2.0980615e-05
normal_id_06_00000948.wav,9.7751135e-06
normal_id_06_00000949.wav,0.0008546038
normal_id_06_00000950.wav,1.1086402e-05
normal_id_06_00000951.wav,2.0146166e-05
normal_id_06_00000952.wav,6.627817e-05
normal_id_06_00000953.wav,0.00070380233
normal_id_06_00000955.wav,1.4305105e-06
normal_id_06_00000957.wav,3.552374e-05
normal_id_06_00000958.wav,0.0005878866
normal_id_06_00000959.wav,0.0011851914
normal_id_06_00000960.wav,0.0043883454
normal_id_06_00000961.wav,0.019623311
normal_id_06_00000962.wav,5.113948e-05
normal_id_06_00000963.wav,2.467602e-05
normal_id_06_00000964.wav,0.00016819016
normal_id_06_00000965.wav,4.887569e-06
normal_id_06_00000966.wav,1.7881378e-06
normal_id_06_00000968.wav,3.81469e-06
normal_id_06_00000969.wav,3.576278e-07
normal_id_06_00000970.wav,6.675698e-06
normal_id_06_00000972.wav,-0.0
normal_id_06_00000973.wav,5.6028207e-06
normal_id_06_00000974.wav,4.196079e-05
normal_id_06_00000976.wav,1.2278481e-05
normal_id_06_00000977.wav,1.7881378e-06
normal_id_06_00000978.wav,2.8252203e-05
normal_id_06_00000979.wav,1.5020258e-05
normal_id_06_00000980.wav,0.005596683
normal_id_06_00000981.wav,0.59766984
normal_id_06_00000982.wav,0.004014173
normal_id_06_00000983.wav,2.7775379e-05
normal_id_06_00000985.wav,0.00015102676
normal_id_06_00000986.wav,1.1920922e-06
normal_id_06_00000987.wav,1.0728779e-05
normal_id_06_00000988.wav,4.2915253e-06
normal_id_06_00000989.wav,0.0019158834
normal_id_06_00000991.wav,0.0051551275
