normal_id_00_00000001.wav,3.933829e-05
normal_id_00_00000005.wav,1.1920928e-07
normal_id_00_00000016.wav,0.00045134372
normal_id_00_00000018.wav,-0.0
normal_id_00_00000019.wav,9.1790735e-06
normal_id_00_00000020.wav,7.2717403e-06
normal_id_00_00000027.wav,0.03146962
normal_id_00_00000028.wav,2.1695856e-05
normal_id_00_00000038.wav,5.7457226e-05
normal_id_00_00000039.wav,2.3841855e-07
normal_id_00_00000040.wav,0.19588707
normal_id_00_00000042.wav,-0.0
normal_id_00_00000044.wav,1.1920928e-07
normal_id_00_00000048.wav,5.245195e-06
normal_id_00_00000053.wav,6.5564896e-06
normal_id_00_00000054.wav,0.00017641419
normal_id_00_00000058.wav,2.145765e-06
normal_id_00_00000063.wav,-0.0
normal_id_00_00000064.wav,4.7683704e-07
normal_id_00_00000067.wav,-0.0
normal_id_00_00000069.wav,0.01042209
normal_id_00_00000075.wav,0.020927569
normal_id_00_00000078.wav,5.960463e-07
normal_id_00_00000079.wav,0.0006183858
normal_id_00_00000081.wav,0.00038640187
normal_id_00_00000083.wav,3.81469e-06
normal_id_00_00000085.wav,-0.0
normal_id_00_00000086.wav,3.1211705
normal_id_00_00000087.wav,5.960463e-07
normal_id_00_00000092.wav,8.5830325e-06
normal_id_00_00000093.wav,1.4305105e-06
normal_id_00_00000095.wav,2.3841855e-07
normal_id_00_00000096.wav,5.042426e-05
normal_id_00_00000101.wav,8.9760564e-05
normal_id_00_00000103.wav,7.152555e-07
normal_id_00_00000105.wav,0.00020907124
normal_id_00_00000113.wav,2.3841855e-07
normal_id_00_00000115.wav,3.0994368e-06
normal_id_00_00000124.wav,0.00013577017
normal_id_00_00000127.wav,6.186771e-05
normal_id_00_00000130.wav,4.1603176e-05
normal_id_00_00000132.wav,1.1920928e-07
normal_id_00_00000134.wav,4.7563375e-05
normal_id_00_00000139.wav,-0.0
normal_id_00_00000140.wav,2.3841855e-07
normal_id_00_00000141.wav,2.3841855e-07
normal_id_00_00000142.wav,2.264974e-06
normal_id_00_00000144.wav,-0.0
normal_id_00_00000147.wav,0.0004851833
normal_id_00_00000149.wav,-0.0
normal_id_00_00000150.wav,1.7881378e-06
normal_id_00_00000153.wav,1.7881378e-06
normal_id_00_00000154.wav,5.1259863e-06
normal_id_00_00000156.wav,5.960463e-07
normal_id_00_00000157.wav,0.00032967856
normal_id_00_00000158.wav,4.887569e-06
normal_id_00_00000161.wav,8.844938e-05
normal_id_00_00000162.wav,1.6689287e-06
normal_id_00_00000164.wav,0.001976562
normal_id_00_00000165.wav,0.15317343
normal_id_00_00000166.wav,2.0742202e-05
normal_id_00_00000169.wav,5.2808322e-05
normal_id_00_00000176.wav,1.5497195e-06
normal_id_00_00000180.wav,2.7418098e-06
normal_id_00_00000184.wav,0.0007884969
normal_id_00_00000185.wav,0.00015198029
normal_id_00_00000191.wav,2.3841855e-07
normal_id_00_00000192.wav,3.576278e-07
normal_id_00_00000196.wav,3.81469e-06
normal_id_00_00000198.wav,2.002696e-05
normal_id_00_00000204.wav,9.5367386e-07
normal_id_00_00000210.wav,2.5629668e-05
normal_id_00_00000216.wav,0.0002897558
normal_id_00_00000219.wav,3.2186456e-06
normal_id_00_00000220.wav,1.5497195e-06
normal_id_00_00000227.wav,6.3180723e-06
normal_id_00_00000229.wav,0.0002489972
normal_id_00_00000231.wav,0.0014905544
normal_id_00_00000233.wav,1.1920928e-07
normal_id_00_00000239.wav,1.1920928e-07
normal_id_00_00000241.wav,8.344647e-07
normal_id_00_00000243.wav,0.00030310327
normal_id_00_00000244.wav,9.5367386e-07
normal_id_00_00000246.wav,3.576278e-07
normal_id_00_00000247.wav,1.1920928e-07
normal_id_00_00000253.wav,3.0397907e-05
normal_id_00_00000256.wav,2.9682673e-05
normal_id_00_00000258.wav,2.0146166e-05
normal_id_00_00000262.wav,4.7683704e-07
normal_id_00_00000279.wav,9.5367386e-07
normal_id_00_00000288.wav,-0.0
normal_id_00_00000289.wav,9.381331e-05
normal_id_00_00000290.wav,0.048256032
normal_id_00_00000291.wav,-0.0
normal_id_00_00000293.wav,-0.0
normal_id_00_00000295.wav,0.032904457
normal_id_00_00000298.wav,3.576278e-07
normal_id_00_00000299.wav,1.1920928e-07
normal_id_00_00000302.wav,7.152555e-07
normal_id_00_00000308.wav,4.1723165e-06
normal_id_00_00000309.wav,0.005327196
normal_id_00_00000313.wav,0.00044312194
normal_id_00_00000316.wav,1.1920928e-07
normal_id_00_00000317.wav,0.0012681785
normal_id_00_00000326.wav,0.0036082657
normal_id_00_00000329.wav,8.737659e-05
normal_id_00_00000336.wav,4.1245563e-05
normal_id_00_00000337.wav,2.622601e-06
normal_id_00_00000341.wav,-0.0
normal_id_00_00000342.wav,6.675698e-06
normal_id_00_00000343.wav,0.021852775
normal_id_00_00000344.wav,0.000109904926
normal_id_00_00000346.wav,0.0004033229
normal_id_00_00000349.wav,2.1815062e-05
normal_id_00_00000351.wav,-0.0
normal_id_00_00000355.wav,2.801379e-05
normal_id_00_00000357.wav,1.1920928e-07
normal_id_00_00000358.wav,8.344647e-07
normal_id_00_00000360.wav,-0.0
normal_id_00_00000361.wav,0.46387595
normal_id_00_00000362.wav,1.537788e-05
normal_id_00_00000369.wav,0.00078134995
normal_id_00_00000370.wav,7.152555e-07
normal_id_00_00000371.wav,1.6927575e-05
normal_id_00_00000372.wav,4.7683704e-07
normal_id_00_00000373.wav,2.503392e-06
normal_id_00_00000376.wav,6.675698e-06
normal_id_00_00000377.wav,1.3113013e-06
normal_id_00_00000380.wav,4.6491514e-06
normal_id_00_00000381.wav,1.41858045e-05
normal_id_00_00000382.wav,1.072883e-06
normal_id_00_00000383.wav,-0.0
normal_id_00_00000385.wav,2.3841855e-07
normal_id_00_00000391.wav,0.0004527736
normal_id_00_00000393.wav,8.344647e-07
normal_id_00_00000395.wav,2.9330842
normal_id_00_00000396.wav,4.0411134e-05
normal_id_00_00000397.wav,0.00711763
normal_id_00_00000401.wav,0.22897853
normal_id_00_00000404.wav,0.0012347224
normal_id_00_00000405.wav,6.520536e-05
normal_id_00_00000418.wav,1.442422e-05
normal_id_00_00000420.wav,6.830459e-05
normal_id_00_00000424.wav,7.152555e-07
normal_id_00_00000426.wav,4.887569e-06
normal_id_00_00000428.wav,2.384183e-06
normal_id_00_00000429.wav,2.0265559e-06
normal_id_00_00000433.wav,1.1920928e-07
normal_id_00_00000439.wav,3.373566e-05
normal_id_00_00000447.wav,3.576278e-07
normal_id_00_00000448.wav,7.2717403e-06
normal_id_00_00000449.wav,1.1920928e-07
normal_id_00_00000451.wav,0.0004913792
normal_id_00_00000453.wav,0.003477718
normal_id_00_00000454.wav,1.1563234e-05
normal_id_00_00000459.wav,1.7523613e-05
normal_id_00_00000460.wav,1.2278481e-05
normal_id_00_00000461.wav,0.0016282647
normal_id_00_00000462.wav,0.0014103238
normal_id_00_00000468.wav,4.7683704e-07
normal_id_00_00000472.wav,5.960463e-07
normal_id_00_00000473.wav,2.3841855e-07
normal_id_00_00000480.wav,5.233151e-05
normal_id_00_00000483.wav,0.08734923
normal_id_00_00000487.wav,0.00010656743
normal_id_00_00000492.wav,6.079655e-06
normal_id_00_00000497.wav,0.00014065707
normal_id_00_00000498.wav,2.7418098e-06
normal_id_00_00000511.wav,5.960463e-07
normal_id_00_00000513.wav,0.95143425
normal_id_00_00000514.wav,3.8980677e-05
normal_id_00_00000516.wav,2.7179349e-05
normal_id_00_00000519.wav,-0.0
normal_id_00_00000520.wav,0.0012097191
normal_id_00_00000524.wav,1.1920928e-07
normal_id_00_00000525.wav,2.491443e-05
normal_id_00_00000527.wav,1.001353e-05
normal_id_00_00000528.wav,1.1920928e-07
normal_id_00_00000535.wav,0.018837484
normal_id_00_00000536.wav,3.0994368e-06
normal_id_00_00000538.wav,0.0011245839
normal_id_00_00000539.wav,0.00510579
normal_id_00_00000540.wav,0.004982199
normal_id_00_00000546.wav,1.5897102
normal_id_00_00000548.wav,0.0016605173
normal_id_00_00000552.wav,0.4174093
normal_id_00_00000557.wav,4.1245563e-05
normal_id_00_00000561.wav,0.00010144196
normal_id_00_00000562.wav,2.2552226
normal_id_00_00000567.wav,8.320462e-05
normal_id_00_00000571.wav,0.0003874743
normal_id_00_00000572.wav,4.482169e-05
normal_id_00_00000584.wav,0.006945751
normal_id_00_00000585.wav,0.0013409203
normal_id_00_00000588.wav,0.00055810134
normal_id_00_00000594.wav,9.7751135e-06
normal_id_00_00000596.wav,7.152532e-06
normal_id_00_00000608.wav,0.001031939
normal_id_00_00000609.wav,0.28693974
normal_id_00_00000611.wav,8.65422e-05
normal_id_00_00000612.wav,1.4305105e-06
normal_id_00_00000617.wav,9.3336515e-05
normal_id_00_00000619.wav,3.7192607e-05
normal_id_00_00000620.wav,1.0847986e-05
normal_id_00_00000623.wav,0.001281989
normal_id_00_00000624.wav,0.011188033
normal_id_00_00000625.wav,8.1774226e-05
normal_id_00_00000629.wav,0.00012671144
normal_id_00_00000630.wav,5.960463e-07
normal_id_00_00000632.wav,0.00010632903
normal_id_00_00000635.wav,0.00025459862
normal_id_00_00000637.wav,0.00021324267
normal_id_00_00000639.wav,0.00024530262
normal_id_00_00000646.wav,0.045583703
normal_id_00_00000647.wav,0.003013833
normal_id_00_00000654.wav,1.03711545e-05
normal_id_00_00000656.wav,0.00031990657
normal_id_00_00000658.wav,0.0014565107
normal_id_00_00000660.wav,0.019991223
normal_id_00_00000661.wav,0.0021730876
normal_id_00_00000662.wav,6.8185385e-05
normal_id_00_00000665.wav,2.4556812e-05
normal_id_00_00000667.wav,0.000515209
normal_id_00_00000671.wav,0.00067485444
normal_id_00_00000672.wav,4.0768748e-05
normal_id_00_00000677.wav,1.2159274e-05
normal_id_00_00000678.wav,0.0019859609
normal_id_00_00000679.wav,0.0007946909
normal_id_00_00000680.wav,0.0004893536
normal_id_00_00000682.wav,0.00279239
normal_id_00_00000684.wav,3.6954196e-05
normal_id_00_00000686.wav,8.272783e-05
normal_id_00_00000692.wav,0.019015752
normal_id_00_00000694.wav,0.009295045
normal_id_00_00000695.wav,0.0035306993
normal_id_00_00000701.wav,0.00011205045
normal_id_00_00000709.wav,0.013665927
normal_id_00_00000712.wav,0.0007136897
normal_id_00_00000715.wav,0.00020811777
normal_id_00_00000719.wav,0.02020702
normal_id_00_00000722.wav,0.00013433985
normal_id_00_00000724.wav,5.090107e-05
normal_id_00_00000725.wav,0.0028130743
normal_id_00_00000728.wav,0.004728683
normal_id_00_00000731.wav,3.3378547e-06
normal_id_00_00000736.wav,0.04197417
normal_id_00_00000738.wav,0.7217927
normal_id_00_00000741.wav,0.0016474259
normal_id_00_00000744.wav,3.7192607e-05
normal_id_00_00000754.wav,0.0007594324
normal_id_00_00000756.wav,1.1920928e-07
normal_id_00_00000766.wav,0.0011414925
normal_id_00_00000770.wav,0.037690762
normal_id_00_00000781.wav,0.0002619877
normal_id_00_00000784.wav,1.966934e-05
normal_id_00_00000787.wav,1.9907753e-05
normal_id_00_00000789.wav,3.2186456e-06
normal_id_00_00000793.wav,0.0019127899
normal_id_00_00000796.wav,0.010657773
normal_id_00_00000802.wav,0.00015519845
normal_id_00_00000803.wav,4.005352e-05
normal_id_00_00000807.wav,9.298281e-06
normal_id_00_00000808.wav,4.3510445e-05
normal_id_00_00000810.wav,0.0071039
normal_id_00_00000811.wav,0.0073645064
normal_id_00_00000820.wav,0.0001982254
normal_id_00_00000822.wav,0.0036245384
normal_id_00_00000823.wav,0.019031191
normal_id_00_00000828.wav,2.5987287e-05
normal_id_00_00000829.wav,6.6635774e-05
normal_id_00_00000830.wav,3.6954812e-06
normal_id_00_00000832.wav,3.7907834e-05
normal_id_00_00000834.wav,0.0045281495
normal_id_00_00000838.wav,0.0013843725
normal_id_00_00000841.wav,0.0013013951
normal_id_00_00000845.wav,3.087473e-05
normal_id_00_00000848.wav,0.012862573
normal_id_00_00000851.wav,0.002653651
normal_id_00_00000855.wav,0.0001619923
normal_id_00_00000857.wav,0.3137751
normal_id_00_00000864.wav,9.500529e-05
normal_id_00_00000866.wav,0.00010132276
normal_id_00_00000872.wav,0.00032562675
normal_id_00_00000875.wav,2.3841855e-07
normal_id_00_00000877.wav,2.622601e-06
normal_id_00_00000878.wav,1.2636105e-05
normal_id_00_00000884.wav,9.5362884e-05
normal_id_00_00000885.wav,9.655906e-06
normal_id_00_00000889.wav,3.6954812e-06
normal_id_00_00000892.wav,1.072883e-06
normal_id_00_00000893.wav,0.00016115798
normal_id_00_00000894.wav,2.145765e-06
normal_id_00_00000898.wav,1.1920928e-07
normal_id_00_00000900.wav,1.1563234e-05
normal_id_00_00000902.wav,9.298281e-06
normal_id_00_00000904.wav,0.00011026251
normal_id_00_00000905.wav,1.4662635e-05
normal_id_00_00000907.wav,0.0012397231
normal_id_00_00000913.wav,2.3841855e-07
normal_id_00_00000917.wav,1.5497195e-06
normal_id_00_00000919.wav,0.00036781223
normal_id_00_00000920.wav,3.802704e-05
normal_id_00_00000922.wav,4.6491514e-06
normal_id_00_00000924.wav,9.298281e-06
normal_id_00_00000928.wav,1.800044e-05
normal_id_00_00000929.wav,0.00072881836
normal_id_00_00000930.wav,0.00048851955
normal_id_00_00000931.wav,0.00065031357
normal_id_00_00000939.wav,2.3007127e-05
normal_id_00_00000940.wav,2.5033638e-05
normal_id_00_00000941.wav,3.4570635e-06
normal_id_00_00000942.wav,0.009698533
normal_id_00_00000950.wav,0.07379272
normal_id_00_00000960.wav,1.6689287e-06
normal_id_00_00000964.wav,4.7683704e-07
normal_id_00_00000966.wav,6.532456e-05
normal_id_00_00000971.wav,8.427742e-05
normal_id_00_00000973.wav,0.00018630676
normal_id_00_00000974.wav,1.6450747e-05
normal_id_00_00000976.wav,1.4305105e-06
normal_id_00_00000977.wav,1.1920922e-06
normal_id_00_00000978.wav,0.00015055
normal_id_00_00000979.wav,0.00012981049
normal_id_00_00000980.wav,2.8610189e-06
normal_id_00_00000982.wav,1.1086402e-05
normal_id_00_00000986.wav,0.0020641228
normal_id_00_00000993.wav,0.0015023384
normal_id_00_00000996.wav,0.00014673587
normal_id_00_00000997.wav,2.467602e-05
normal_id_00_00000999.wav,1.7523613e-05
normal_id_00_00001000.wav,-0.0
normal_id_00_00001003.wav,0.0022166225
normal_id_00_00001005.wav,2.8848232e-05
normal_id_00_00001011.wav,0.00030679765
normal_id_00_00001012.wav,4.410734e-06
normal_id_00_00001013.wav,8.344647e-07
normal_id_00_00001016.wav,9.298281e-06
normal_id_00_00001018.wav,0.00015055
normal_id_00_00001019.wav,6.639737e-05
normal_id_00_00001021.wav,1.5616295e-05
normal_id_00_00001026.wav,0.00031692727
normal_id_00_00001031.wav,0.00016068121
normal_id_00_00001032.wav,7.6293654e-06
normal_id_00_00001034.wav,3.564294e-05
normal_id_00_00001037.wav,0.0020741157
normal_id_00_00001044.wav,0.00064685877
normal_id_00_00001045.wav,0.45095196
normal_id_00_00001046.wav,8.5830325e-06
normal_id_00_00001047.wav,9.5367386e-07
normal_id_00_00001049.wav,0.40018028
normal_id_00_00001051.wav,2.0503787e-05
normal_id_00_00001053.wav,0.0064578895
normal_id_00_00001056.wav,7.0333235e-06
normal_id_00_00001058.wav,4.0531077e-06
normal_id_00_00001064.wav,3.576278e-07
normal_id_00_00001066.wav,3.4570635e-06
abnormal_id_00_00000000.wav,15.757005
abnormal_id_00_00000001.wav,20.820784
abnormal_id_00_00000002.wav,19.890984
abnormal_id_00_00000003.wav,10.0636
abnormal_id_00_00000004.wav,12.481376
abnormal_id_00_00000005.wav,21.695951
abnormal_id_00_00000006.wav,22.50453
abnormal_id_00_00000007.wav,12.852479
abnormal_id_00_00000008.wav,15.213072
abnormal_id_00_00000009.wav,19.833582
abnormal_id_00_00000010.wav,5.5538964
abnormal_id_00_00000011.wav,3.9457676
abnormal_id_00_00000012.wav,6.7072425
abnormal_id_00_00000013.wav,4.595998
abnormal_id_00_00000014.wav,23.980755
abnormal_id_00_00000015.wav,21.323078
abnormal_id_00_00000016.wav,8.365016
abnormal_id_00_00000017.wav,14.656524
abnormal_id_00_00000018.wav,10.548503
abnormal_id_00_00000019.wav,26.221294
abnormal_id_00_00000020.wav,23.109056
abnormal_id_00_00000021.wav,25.462849
abnormal_id_00_00000022.wav,26.146463
abnormal_id_00_00000023.wav,11.918878
abnormal_id_00_00000024.wav,18.465029
abnormal_id_00_00000025.wav,14.097393
abnormal_id_00_00000026.wav,21.355047
abnormal_id_00_00000027.wav,22.776722
abnormal_id_00_00000028.wav,19.516914
abnormal_id_00_00000029.wav,10.007139
abnormal_id_00_00000030.wav,1.6237348
abnormal_id_00_00000031.wav,16.572561
abnormal_id_00_00000032.wav,20.097658
abnormal_id_00_00000033.wav,7.3452864
abnormal_id_00_00000034.wav,18.647116
abnormal_id_00_00000035.wav,4.688181
abnormal_id_00_00000036.wav,23.731981
abnormal_id_00_00000037.wav,3.5498288
abnormal_id_00_00000038.wav,18.137878
abnormal_id_00_00000039.wav,11.888634
abnormal_id_00_00000040.wav,9.961868
abnormal_id_00_00000041.wav,16.808962
abnormal_id_00_00000042.wav,7.5242662
abnormal_id_00_00000043.wav,9.656283
abnormal_id_00_00000044.wav,21.822866
abnormal_id_00_00000045.wav,2.0781236
abnormal_id_00_00000046.wav,19.763609
abnormal_id_00_00000047.wav,23.45268
abnormal_id_00_00000048.wav,19.328543
abnormal_id_00_00000049.wav,11.0976095
abnormal_id_00_00000050.wav,10.907916
abnormal_id_00_00000051.wav,21.249681
abnormal_id_00_00000052.wav,10.146446
abnormal_id_00_00000053.wav,7.34804
abnormal_id_00_00000054.wav,13.032521
abnormal_id_00_00000055.wav,14.629528
abnormal_id_00_00000056.wav,15.10897
abnormal_id_00_00000057.wav,10.773642
abnormal_id_00_00000058.wav,3.5829806
abnormal_id_00_00000059.wav,5.8876524
abnormal_id_00_00000060.wav,13.4116
abnormal_id_00_00000061.wav,12.046304
abnormal_id_00_00000062.wav,15.813916
abnormal_id_00_00000063.wav,22.713383
abnormal_id_00_00000064.wav,11.344306
abnormal_id_00_00000065.wav,6.9107018
abnormal_id_00_00000066.wav,14.763963
abnormal_id_00_00000067.wav,10.291906
abnormal_id_00_00000068.wav,15.099234
abnormal_id_00_00000069.wav,17.130445
abnormal_id_00_00000070.wav,2.008407
abnormal_id_00_00000071.wav,7.141827
abnormal_id_00_00000072.wav,19.988403
abnormal_id_00_00000073.wav,12.183455
abnormal_id_00_00000074.wav,2.9187737
abnormal_id_00_00000075.wav,8.571753
abnormal_id_00_00000076.wav,10.085051
abnormal_id_00_00000077.wav,21.208479
abnormal_id_00_00000078.wav,0.6262826
abnormal_id_00_00000079.wav,23.75865
abnormal_id_00_00000080.wav,16.65634
abnormal_id_00_00000081.wav,8.37775
abnormal_id_00_00000082.wav,16.404198
abnormal_id_00_00000083.wav,19.380415
abnormal_id_00_00000084.wav,14.564631
abnormal_id_00_00000085.wav,11.47685
abnormal_id_00_00000086.wav,7.0054007
abnormal_id_00_00000087.wav,3.61411
abnormal_id_00_00000088.wav,14.339909
abnormal_id_00_00000089.wav,0.29044747
abnormal_id_00_00000090.wav,14.730382
abnormal_id_00_00000091.wav,6.7277303
abnormal_id_00_00000092.wav,13.389917
abnormal_id_00_00000093.wav,18.087715
abnormal_id_00_00000094.wav,6.221319
abnormal_id_00_00000095.wav,16.222412
abnormal_id_00_00000096.wav,11.998734
abnormal_id_00_00000097.wav,8.720212
abnormal_id_00_00000098.wav,24.147072
abnormal_id_00_00000099.wav,14.02139
abnormal_id_00_00000100.wav,19.776306
abnormal_id_00_00000101.wav,14.266081
abnormal_id_00_00000102.wav,1.490437
abnormal_id_00_00000103.wav,11.52807
abnormal_id_00_00000104.wav,11.036443
abnormal_id_00_00000105.wav,11.599862
abnormal_id_00_00000106.wav,0.40447694
abnormal_id_00_00000107.wav,16.226786
abnormal_id_00_00000108.wav,19.676332
abnormal_id_00_00000109.wav,2.2025592
abnormal_id_00_00000110.wav,22.482878
abnormal_id_00_00000111.wav,2.7753732
abnormal_id_00_00000112.wav,8.949203
abnormal_id_00_00000113.wav,8.134579
abnormal_id_00_00000114.wav,8.18211
abnormal_id_00_00000115.wav,13.877803
abnormal_id_00_00000116.wav,6.167576
abnormal_id_00_00000117.wav,16.190619
abnormal_id_00_00000118.wav,13.745011
abnormal_id_00_00000119.wav,10.680845
abnormal_id_00_00000120.wav,21.408634
abnormal_id_00_00000121.wav,0.1321718
abnormal_id_00_00000122.wav,0.8172006
abnormal_id_00_00000123.wav,2.6109874
abnormal_id_00_00000124.wav,13.198397
abnormal_id_00_00000125.wav,16.486639
abnormal_id_00_00000126.wav,0.011450053
abnormal_id_00_00000127.wav,3.6660082
abnormal_id_00_00000128.wav,6.912942
abnormal_id_00_00000129.wav,9.341362
abnormal_id_00_00000130.wav,8.67547
abnormal_id_00_00000131.wav,9.188458
abnormal_id_00_00000132.wav,1.0690682
abnormal_id_00_00000133.wav,1.1324291
abnormal_id_00_00000134.wav,3.5388608
abnormal_id_00_00000135.wav,9.625393
abnormal_id_00_00000136.wav,12.396983
abnormal_id_00_00000137.wav,11.928163
abnormal_id_00_00000138.wav,1.5602448
abnormal_id_00_00000139.wav,0.09679293
abnormal_id_00_00000140.wav,10.721701
abnormal_id_00_00000141.wav,5.228256
abnormal_id_00_00000142.wav,15.805909
abnormal_id_00_00000143.wav,2.0210388
abnormal_id_00_00000144.wav,10.349127
abnormal_id_00_00000145.wav,5.129383
abnormal_id_00_00000146.wav,6.1058674
abnormal_id_00_00000147.wav,0.09034257
abnormal_id_00_00000148.wav,0.13695678
abnormal_id_00_00000149.wav,2.125123
abnormal_id_00_00000150.wav,20.592371
abnormal_id_00_00000151.wav,14.81745
abnormal_id_00_00000152.wav,0.0004244142
abnormal_id_00_00000153.wav,1.3174767
abnormal_id_00_00000154.wav,0.035213415
abnormal_id_00_00000155.wav,9.653278
abnormal_id_00_00000156.wav,14.595619
abnormal_id_00_00000157.wav,14.6473465
abnormal_id_00_00000158.wav,1.873845
abnormal_id_00_00000159.wav,17.323603
abnormal_id_00_00000160.wav,0.37586585
abnormal_id_00_00000161.wav,14.672659
abnormal_id_00_00000162.wav,2.0709648
abnormal_id_00_00000163.wav,22.068121
abnormal_id_00_00000164.wav,10.707066
abnormal_id_00_00000165.wav,2.3914294
abnormal_id_00_00000166.wav,8.897377
abnormal_id_00_00000167.wav,9.308362
abnormal_id_00_00000168.wav,14.511988
abnormal_id_00_00000169.wav,13.816765
abnormal_id_00_00000170.wav,1.9082428
abnormal_id_00_00000171.wav,1.6113938
abnormal_id_00_00000172.wav,14.412824
abnormal_id_00_00000173.wav,13.232233
abnormal_id_00_00000174.wav,10.614526
abnormal_id_00_00000175.wav,0.66660684
abnormal_id_00_00000176.wav,0.040493343
abnormal_id_00_00000177.wav,0.00017093151
abnormal_id_00_00000178.wav,3.4411838
abnormal_id_00_00000179.wav,0.014182254
abnormal_id_00_00000180.wav,0.0027195157
abnormal_id_00_00000181.wav,1.1271819
abnormal_id_00_00000182.wav,0.45517176
abnormal_id_00_00000183.wav,0.21527365
abnormal_id_00_00000184.wav,0.48205307
abnormal_id_00_00000185.wav,0.0028400584
abnormal_id_00_00000186.wav,0.12244864
abnormal_id_00_00000187.wav,4.774927
abnormal_id_00_00000188.wav,7.664277
abnormal_id_00_00000189.wav,0.5188984
abnormal_id_00_00000190.wav,11.574606
abnormal_id_00_00000191.wav,9.700988
abnormal_id_00_00000192.wav,11.925575
abnormal_id_00_00000193.wav,6.852875
abnormal_id_00_00000194.wav,12.061596
abnormal_id_00_00000195.wav,10.573262
abnormal_id_00_00000196.wav,14.435263
abnormal_id_00_00000197.wav,9.615573
abnormal_id_00_00000198.wav,6.145485
abnormal_id_00_00000199.wav,7.6934943
abnormal_id_00_00000200.wav,11.507404
abnormal_id_00_00000201.wav,8.182247
abnormal_id_00_00000202.wav,5.536336
abnormal_id_00_00000203.wav,6.813871
abnormal_id_00_00000204.wav,7.288292
abnormal_id_00_00000205.wav,6.3960466
abnormal_id_00_00000206.wav,10.685952
abnormal_id_00_00000207.wav,7.316253
abnormal_id_00_00000208.wav,10.441401
abnormal_id_00_00000209.wav,11.776977
abnormal_id_00_00000210.wav,9.306677
abnormal_id_00_00000211.wav,5.6826935
abnormal_id_00_00000212.wav,4.8695955
abnormal_id_00_00000213.wav,6.39969
abnormal_id_00_00000214.wav,10.2886915
abnormal_id_00_00000215.wav,11.518733
abnormal_id_00_00000216.wav,6.655688
abnormal_id_00_00000217.wav,11.890986
abnormal_id_00_00000218.wav,4.8408175
abnormal_id_00_00000219.wav,4.776544
abnormal_id_00_00000220.wav,4.343212
abnormal_id_00_00000221.wav,8.501348
abnormal_id_00_00000222.wav,9.223358
abnormal_id_00_00000223.wav,7.3501554
abnormal_id_00_00000224.wav,5.9282246
abnormal_id_00_00000225.wav,8.132793
abnormal_id_00_00000226.wav,11.117433
abnormal_id_00_00000227.wav,11.401441
abnormal_id_00_00000228.wav,6.9898353
abnormal_id_00_00000229.wav,7.6583605
abnormal_id_00_00000230.wav,7.254679
abnormal_id_00_00000231.wav,7.2372465
abnormal_id_00_00000232.wav,5.6711745
abnormal_id_00_00000233.wav,5.2728424
abnormal_id_00_00000234.wav,2.3094754
abnormal_id_00_00000235.wav,8.018559
abnormal_id_00_00000236.wav,6.32946
abnormal_id_00_00000237.wav,6.409502
abnormal_id_00_00000238.wav,6.217918
abnormal_id_00_00000239.wav,3.3419344
abnormal_id_00_00000240.wav,3.1955323
abnormal_id_00_00000241.wav,5.46115
abnormal_id_00_00000242.wav,9.1154175
abnormal_id_00_00000243.wav,10.164886
abnormal_id_00_00000244.wav,2.3343072
abnormal_id_00_00000245.wav,6.9315476
abnormal_id_00_00000246.wav,1.9960053
abnormal_id_00_00000247.wav,4.974189
abnormal_id_00_00000248.wav,7.614612
abnormal_id_00_00000249.wav,6.5927525
abnormal_id_00_00000250.wav,6.286415
abnormal_id_00_00000251.wav,7.554395
abnormal_id_00_00000252.wav,7.031518
abnormal_id_00_00000253.wav,9.526702
abnormal_id_00_00000254.wav,4.2159905
abnormal_id_00_00000255.wav,10.123625
abnormal_id_00_00000256.wav,8.191212
abnormal_id_00_00000257.wav,7.0682826
abnormal_id_00_00000258.wav,5.1050043
abnormal_id_00_00000259.wav,14.468978
abnormal_id_00_00000260.wav,3.78963
abnormal_id_00_00000261.wav,3.1391447
abnormal_id_00_00000262.wav,7.9374604
abnormal_id_00_00000263.wav,10.066026
abnormal_id_00_00000264.wav,9.248712
abnormal_id_00_00000265.wav,4.9492216
abnormal_id_00_00000266.wav,7.5297756
abnormal_id_00_00000267.wav,0.0038981654
abnormal_id_00_00000268.wav,0.0009323779
abnormal_id_00_00000269.wav,0.00029666792
abnormal_id_00_00000270.wav,0.024612105
abnormal_id_00_00000271.wav,0.09764625
abnormal_id_00_00000272.wav,0.0109385615
abnormal_id_00_00000273.wav,0.11673408
abnormal_id_00_00000274.wav,0.012433987
abnormal_id_00_00000275.wav,0.006010434
abnormal_id_00_00000276.wav,0.020534893
abnormal_id_00_00000277.wav,0.0014249658
abnormal_id_00_00000278.wav,0.20239654
abnormal_id_00_00000279.wav,0.494135
abnormal_id_00_00000280.wav,0.0012702025
abnormal_id_00_00000281.wav,0.05082403
abnormal_id_00_00000282.wav,0.05678686
abnormal_id_00_00000283.wav,0.00011681828
abnormal_id_00_00000284.wav,0.48850045
abnormal_id_00_00000285.wav,0.0053429664
abnormal_id_00_00000286.wav,0.0054277433
abnormal_id_00_00000287.wav,0.33896297
abnormal_id_00_00000288.wav,0.004126012
abnormal_id_00_00000289.wav,0.00024637525
abnormal_id_00_00000290.wav,0.6395719
abnormal_id_00_00000291.wav,0.07723456
abnormal_id_00_00000292.wav,3.850386e-05
abnormal_id_00_00000293.wav,0.0018267626
abnormal_id_00_00000294.wav,0.012479786
abnormal_id_00_00000295.wav,0.27100632
abnormal_id_00_00000296.wav,0.012966132
abnormal_id_00_00000297.wav,0.0059559247
abnormal_id_00_00000298.wav,0.07745623
abnormal_id_00_00000299.wav,0.06457199
abnormal_id_00_00000300.wav,0.003840691
abnormal_id_00_00000301.wav,0.0017235914
abnormal_id_00_00000302.wav,0.038281463
abnormal_id_00_00000303.wav,0.15931706
abnormal_id_00_00000304.wav,0.9424207
abnormal_id_00_00000305.wav,0.023743
abnormal_id_00_00000306.wav,0.0047250045
abnormal_id_00_00000307.wav,0.01934764
abnormal_id_00_00000308.wav,0.003928208
abnormal_id_00_00000309.wav,0.03796257
abnormal_id_00_00000310.wav,0.021382635
abnormal_id_00_00000311.wav,0.031820267
abnormal_id_00_00000312.wav,0.00014792779
abnormal_id_00_00000313.wav,0.025674624
abnormal_id_00_00000314.wav,0.61573434
abnormal_id_00_00000315.wav,0.0774741
abnormal_id_00_00000316.wav,0.00064900314
abnormal_id_00_00000317.wav,0.0009188006
abnormal_id_00_00000318.wav,0.06232453
abnormal_id_00_00000319.wav,0.009948905
abnormal_id_00_00000320.wav,0.061205074
abnormal_id_00_00000321.wav,0.9713037
abnormal_id_00_00000322.wav,0.005308698
abnormal_id_00_00000323.wav,6.4835715
abnormal_id_00_00000324.wav,0.0059029534
abnormal_id_00_00000325.wav,0.00096358114
abnormal_id_00_00000326.wav,0.012841978
abnormal_id_00_00000327.wav,0.00082971
abnormal_id_00_00000328.wav,0.005140777
abnormal_id_00_00000329.wav,4.6667833
abnormal_id_00_00000330.wav,0.03334085
abnormal_id_00_00000331.wav,0.093911655
abnormal_id_00_00000332.wav,0.00687898
abnormal_id_00_00000333.wav,0.8364729
abnormal_id_00_00000334.wav,0.56286037
abnormal_id_00_00000335.wav,0.061254185
abnormal_id_00_00000336.wav,0.0027978583
abnormal_id_00_00000337.wav,0.015060997
abnormal_id_00_00000338.wav,0.04115813
abnormal_id_00_00000339.wav,0.00060337456
abnormal_id_00_00000340.wav,0.0014346079
abnormal_id_00_00000341.wav,0.00073096255
abnormal_id_00_00000342.wav,0.14375573
abnormal_id_00_00000343.wav,0.08576062
abnormal_id_00_00000344.wav,0.041871745
abnormal_id_00_00000345.wav,0.0015125751
abnormal_id_00_00000346.wav,0.08984243
abnormal_id_00_00000347.wav,0.0014447261
abnormal_id_00_00000348.wav,0.00030286494
abnormal_id_00_00000349.wav,0.014864052
abnormal_id_00_00000350.wav,0.0070623527
abnormal_id_00_00000351.wav,0.06941009
abnormal_id_00_00000352.wav,0.0037720497
abnormal_id_00_00000353.wav,0.0016465929
abnormal_id_00_00000354.wav,0.008797104
abnormal_id_00_00000355.wav,0.00516082
