normal_id_00_00000001.wav,4.6491514e-06
normal_id_00_00000005.wav,0.0013958006
normal_id_00_00000016.wav,0.010283816
normal_id_00_00000018.wav,0.0014025861
normal_id_00_00000019.wav,0.009127202
normal_id_00_00000020.wav,0.09487683
normal_id_00_00000027.wav,0.042477917
normal_id_00_00000028.wav,1.3232144e-05
normal_id_00_00000038.wav,0.007610967
normal_id_00_00000039.wav,0.0013007998
normal_id_00_00000040.wav,2.328013
normal_id_00_00000042.wav,0.006486315
normal_id_00_00000044.wav,3.0517112e-05
normal_id_00_00000048.wav,0.0002484013
normal_id_00_00000053.wav,0.005401303
normal_id_00_00000054.wav,0.00053188956
normal_id_00_00000058.wav,0.00082161045
normal_id_00_00000063.wav,0.00019190853
normal_id_00_00000064.wav,3.576278e-07
normal_id_00_00000067.wav,0.00067449705
normal_id_00_00000069.wav,0.01231071
normal_id_00_00000075.wav,0.5865156
normal_id_00_00000078.wav,7.510157e-06
normal_id_00_00000079.wav,0.0130250845
normal_id_00_00000081.wav,0.011420236
normal_id_00_00000083.wav,0.0011020785
normal_id_00_00000085.wav,0.0027306909
normal_id_00_00000086.wav,1.2849299
normal_id_00_00000087.wav,0.00057764055
normal_id_00_00000092.wav,0.00026425207
normal_id_00_00000093.wav,0.005879844
normal_id_00_00000095.wav,0.0003756771
normal_id_00_00000096.wav,0.32969996
normal_id_00_00000101.wav,0.00067151885
normal_id_00_00000103.wav,6.627817e-05
normal_id_00_00000105.wav,0.00010418349
normal_id_00_00000113.wav,0.00024518344
normal_id_00_00000115.wav,0.00022623363
normal_id_00_00000124.wav,8.821448e-06
normal_id_00_00000127.wav,0.00020978635
normal_id_00_00000130.wav,0.22137043
normal_id_00_00000132.wav,0.030345593
normal_id_00_00000134.wav,0.0003275335
normal_id_00_00000139.wav,0.00018869051
normal_id_00_00000140.wav,0.004813393
normal_id_00_00000141.wav,0.0052924524
normal_id_00_00000142.wav,6.866219e-05
normal_id_00_00000144.wav,3.0159496e-05
normal_id_00_00000147.wav,0.18239331
normal_id_00_00000149.wav,1.8954097e-05
normal_id_00_00000150.wav,0.03564696
normal_id_00_00000153.wav,0.0023916946
normal_id_00_00000154.wav,2.324554e-05
normal_id_00_00000156.wav,0.011863628
normal_id_00_00000157.wav,0.001763576
normal_id_00_00000158.wav,8.332382e-05
normal_id_00_00000161.wav,3.0075157
normal_id_00_00000162.wav,0.009233038
normal_id_00_00000164.wav,0.1548638
normal_id_00_00000165.wav,0.027062451
normal_id_00_00000166.wav,0.0052375486
normal_id_00_00000169.wav,1.5497195e-06
normal_id_00_00000176.wav,9.5367386e-07
normal_id_00_00000180.wav,0.015291479
normal_id_00_00000184.wav,2.7418098e-06
normal_id_00_00000185.wav,1.5833682
normal_id_00_00000191.wav,0.00059372437
normal_id_00_00000192.wav,2.0265559e-06
normal_id_00_00000196.wav,0.0032157397
normal_id_00_00000198.wav,2.9802277e-06
normal_id_00_00000204.wav,0.004766293
normal_id_00_00000210.wav,0.001231984
normal_id_00_00000216.wav,5.5907592e-05
normal_id_00_00000219.wav,1.001353e-05
normal_id_00_00000220.wav,2.264974e-06
normal_id_00_00000227.wav,0.00049304724
normal_id_00_00000229.wav,0.0045514083
normal_id_00_00000231.wav,1.4024196
normal_id_00_00000233.wav,3.0397907e-05
normal_id_00_00000239.wav,4.1603176e-05
normal_id_00_00000241.wav,0.0028760757
normal_id_00_00000243.wav,0.0030711174
normal_id_00_00000244.wav,0.022103038
normal_id_00_00000246.wav,0.00014828535
normal_id_00_00000247.wav,6.7949063e-06
normal_id_00_00000253.wav,0.11566385
normal_id_00_00000256.wav,3.4808505e-05
normal_id_00_00000258.wav,0.011376629
normal_id_00_00000262.wav,0.00042417587
normal_id_00_00000279.wav,2.145765e-06
normal_id_00_00000288.wav,0.015057709
normal_id_00_00000289.wav,0.13052504
normal_id_00_00000290.wav,2.212828
normal_id_00_00000291.wav,1.4543428e-05
normal_id_00_00000293.wav,6.520536e-05
normal_id_00_00000295.wav,0.0009702504
normal_id_00_00000298.wav,0.00012182447
normal_id_00_00000299.wav,0.0005689433
normal_id_00_00000302.wav,4.7205765e-05
normal_id_00_00000308.wav,0.00016687908
normal_id_00_00000309.wav,8.70224e-06
normal_id_00_00000313.wav,0.021679562
normal_id_00_00000316.wav,24.678288
normal_id_00_00000317.wav,0.5325068
normal_id_00_00000326.wav,0.0017682168
normal_id_00_00000329.wav,0.010116611
normal_id_00_00000336.wav,0.00068986457
normal_id_00_00000337.wav,0.006538782
normal_id_00_00000341.wav,0.00040475282
normal_id_00_00000342.wav,9.298281e-06
normal_id_00_00000343.wav,5.1510234
normal_id_00_00000344.wav,0.00420555
normal_id_00_00000346.wav,5.0662664e-05
normal_id_00_00000349.wav,0.00037627292
normal_id_00_00000351.wav,0.0006140969
normal_id_00_00000355.wav,0.0037473473
normal_id_00_00000357.wav,1.9073468e-06
normal_id_00_00000358.wav,2.8610189e-06
normal_id_00_00000360.wav,1.2636105e-05
normal_id_00_00000361.wav,0.46025735
normal_id_00_00000362.wav,0.05731799
normal_id_00_00000369.wav,0.0011008877
normal_id_00_00000370.wav,2.7418098e-06
normal_id_00_00000371.wav,1.7121907
normal_id_00_00000372.wav,7.152555e-07
normal_id_00_00000373.wav,0.0007410879
normal_id_00_00000376.wav,1.1086402e-05
normal_id_00_00000377.wav,-0.0
normal_id_00_00000380.wav,5.5192377e-05
normal_id_00_00000381.wav,0.17285362
normal_id_00_00000382.wav,2.622601e-06
normal_id_00_00000383.wav,0.02405703
normal_id_00_00000385.wav,0.00020060911
normal_id_00_00000391.wav,0.25657612
normal_id_00_00000393.wav,0.00017450718
normal_id_00_00000395.wav,0.054225907
normal_id_00_00000396.wav,3.6834994e-05
normal_id_00_00000397.wav,0.028579159
normal_id_00_00000401.wav,1.9075673
normal_id_00_00000404.wav,0.027630007
normal_id_00_00000405.wav,0.005536935
normal_id_00_00000418.wav,5.0662664e-05
normal_id_00_00000420.wav,0.25674158
normal_id_00_00000424.wav,3.421248e-05
normal_id_00_00000426.wav,0.0033002219
normal_id_00_00000428.wav,5.245195e-06
normal_id_00_00000429.wav,1.4781843e-05
normal_id_00_00000433.wav,0.0015019814
normal_id_00_00000439.wav,0.0010690932
normal_id_00_00000447.wav,0.0049907393
normal_id_00_00000448.wav,1.7046783e-05
normal_id_00_00000449.wav,0.0014327033
normal_id_00_00000451.wav,0.001437941
normal_id_00_00000453.wav,0.10338752
normal_id_00_00000454.wav,0.00048184706
normal_id_00_00000459.wav,0.061568987
normal_id_00_00000460.wav,5.8291644e-05
normal_id_00_00000461.wav,0.00013958434
normal_id_00_00000462.wav,0.007899946
normal_id_00_00000468.wav,4.887569e-06
normal_id_00_00000472.wav,0.3458822
normal_id_00_00000473.wav,3.576278e-07
normal_id_00_00000480.wav,0.00025293013
normal_id_00_00000483.wav,0.0069234944
normal_id_00_00000487.wav,0.00029416525
normal_id_00_00000492.wav,0.006776921
normal_id_00_00000497.wav,0.18413958
normal_id_00_00000498.wav,7.064028
normal_id_00_00000511.wav,1.490105e-05
normal_id_00_00000513.wav,0.45374155
normal_id_00_00000514.wav,0.0004264399
normal_id_00_00000516.wav,0.11081863
normal_id_00_00000519.wav,0.0070840144
normal_id_00_00000520.wav,0.15084572
normal_id_00_00000524.wav,3.0397907e-05
normal_id_00_00000525.wav,5.3644035e-06
normal_id_00_00000527.wav,0.0063625393
normal_id_00_00000528.wav,0.00045015215
normal_id_00_00000535.wav,0.0044046054
normal_id_00_00000536.wav,0.0019690664
normal_id_00_00000538.wav,0.34601438
normal_id_00_00000539.wav,0.010165347
normal_id_00_00000540.wav,0.017456695
normal_id_00_00000546.wav,3.70978
normal_id_00_00000548.wav,0.054744855
normal_id_00_00000552.wav,0.055839997
normal_id_00_00000557.wav,6.9141147e-06
normal_id_00_00000561.wav,0.0075537055
normal_id_00_00000562.wav,0.023288423
normal_id_00_00000567.wav,1.8858609
normal_id_00_00000571.wav,1.8468503
normal_id_00_00000572.wav,0.014089165
normal_id_00_00000584.wav,2.0848
normal_id_00_00000585.wav,0.28913552
normal_id_00_00000588.wav,0.010992093
normal_id_00_00000594.wav,0.00642816
normal_id_00_00000596.wav,0.15440668
normal_id_00_00000608.wav,0.0005596502
normal_id_00_00000609.wav,4.9111624
normal_id_00_00000611.wav,0.000387236
normal_id_00_00000612.wav,0.0018573429
normal_id_00_00000617.wav,0.0071112383
normal_id_00_00000619.wav,0.0021372826
normal_id_00_00000620.wav,0.0034955372
normal_id_00_00000623.wav,0.009308746
normal_id_00_00000624.wav,0.0003777029
normal_id_00_00000625.wav,0.2600703
normal_id_00_00000629.wav,0.0021328814
normal_id_00_00000630.wav,1.2636105e-05
normal_id_00_00000632.wav,0.025800215
normal_id_00_00000635.wav,0.03778076
normal_id_00_00000637.wav,0.0468698
normal_id_00_00000639.wav,0.0004111875
normal_id_00_00000646.wav,0.00021550717
normal_id_00_00000647.wav,0.0011079132
normal_id_00_00000654.wav,0.001876024
normal_id_00_00000656.wav,0.4357271
normal_id_00_00000658.wav,0.649938
normal_id_00_00000660.wav,0.00022361163
normal_id_00_00000661.wav,0.010699407
normal_id_00_00000662.wav,1.4670067
normal_id_00_00000665.wav,3.1322973
normal_id_00_00000667.wav,0.03621036
normal_id_00_00000671.wav,0.61332464
normal_id_00_00000672.wav,1.0952375
normal_id_00_00000677.wav,0.010279922
normal_id_00_00000678.wav,0.0011464935
normal_id_00_00000679.wav,0.0024858783
normal_id_00_00000680.wav,0.064726196
normal_id_00_00000682.wav,0.008268883
normal_id_00_00000684.wav,0.04012534
normal_id_00_00000686.wav,0.0822208
normal_id_00_00000692.wav,1.0805725
normal_id_00_00000694.wav,0.012659309
normal_id_00_00000695.wav,0.031029522
normal_id_00_00000701.wav,0.11833951
normal_id_00_00000709.wav,0.51205236
normal_id_00_00000712.wav,0.0066223918
normal_id_00_00000715.wav,1.2707102
normal_id_00_00000719.wav,0.004801173
normal_id_00_00000722.wav,1.4998509
normal_id_00_00000724.wav,0.046340834
normal_id_00_00000725.wav,0.37474608
normal_id_00_00000728.wav,7.378783e-05
normal_id_00_00000731.wav,2.7656173e-05
normal_id_00_00000736.wav,0.39203897
normal_id_00_00000738.wav,1.7481401
normal_id_00_00000741.wav,0.0065457695
normal_id_00_00000744.wav,0.002100882
normal_id_00_00000754.wav,0.0068582613
normal_id_00_00000756.wav,0.0063778195
normal_id_00_00000766.wav,0.3967297
normal_id_00_00000770.wav,0.58247316
normal_id_00_00000781.wav,0.0011370868
normal_id_00_00000784.wav,0.26520663
normal_id_00_00000787.wav,0.004299207
normal_id_00_00000789.wav,0.074861676
normal_id_00_00000793.wav,0.00025960413
normal_id_00_00000796.wav,2.0301447
normal_id_00_00000802.wav,0.00052354933
normal_id_00_00000803.wav,0.0047741234
normal_id_00_00000807.wav,1.1444026e-05
normal_id_00_00000808.wav,0.0016615884
normal_id_00_00000810.wav,0.0007458527
normal_id_00_00000811.wav,0.0006121907
normal_id_00_00000820.wav,9.178694e-05
normal_id_00_00000822.wav,0.0061047515
normal_id_00_00000823.wav,0.00050984736
normal_id_00_00000828.wav,0.0016208857
normal_id_00_00000829.wav,0.0012957995
normal_id_00_00000830.wav,0.13962498
normal_id_00_00000832.wav,0.097173765
normal_id_00_00000834.wav,0.084170595
normal_id_00_00000838.wav,0.00033098942
normal_id_00_00000841.wav,0.012722164
normal_id_00_00000845.wav,3.6954812e-06
normal_id_00_00000848.wav,0.008844723
normal_id_00_00000851.wav,1.4905581
normal_id_00_00000855.wav,0.0001821352
normal_id_00_00000857.wav,0.00063661335
normal_id_00_00000864.wav,5.3285134e-05
normal_id_00_00000866.wav,0.008402236
normal_id_00_00000872.wav,0.00029881304
normal_id_00_00000875.wav,4.7444173e-05
normal_id_00_00000877.wav,5.6146e-05
normal_id_00_00000878.wav,0.0030971437
normal_id_00_00000884.wav,0.0009899007
normal_id_00_00000885.wav,0.0001038259
normal_id_00_00000889.wav,0.0032781218
normal_id_00_00000892.wav,0.3078328
normal_id_00_00000893.wav,0.00021741411
normal_id_00_00000894.wav,0.00019727192
normal_id_00_00000898.wav,0.00024577935
normal_id_00_00000900.wav,0.00017772526
normal_id_00_00000902.wav,0.0008298291
normal_id_00_00000904.wav,9.786604e-05
normal_id_00_00000905.wav,0.00017283854
normal_id_00_00000907.wav,0.0071074506
normal_id_00_00000913.wav,0.00022075123
normal_id_00_00000917.wav,0.05263556
normal_id_00_00000919.wav,0.0022764502
normal_id_00_00000920.wav,0.02436852
normal_id_00_00000922.wav,8.70224e-06
normal_id_00_00000924.wav,0.004773649
normal_id_00_00000928.wav,0.03397019
normal_id_00_00000929.wav,9.4051706e-05
normal_id_00_00000930.wav,0.21663764
normal_id_00_00000931.wav,4.1245563e-05
normal_id_00_00000939.wav,0.0028379187
normal_id_00_00000940.wav,0.0007090438
normal_id_00_00000941.wav,0.0011685217
normal_id_00_00000942.wav,0.021264657
normal_id_00_00000950.wav,0.011270194
normal_id_00_00000960.wav,1.8358061e-05
normal_id_00_00000964.wav,0.0002911859
normal_id_00_00000966.wav,0.00041988617
normal_id_00_00000971.wav,0.00030501006
normal_id_00_00000973.wav,2.58528
normal_id_00_00000974.wav,0.022874886
normal_id_00_00000976.wav,0.012336026
normal_id_00_00000977.wav,0.00044395603
normal_id_00_00000978.wav,0.13783956
normal_id_00_00000979.wav,0.011066606
normal_id_00_00000980.wav,0.08459066
normal_id_00_00000982.wav,0.02516478
normal_id_00_00000986.wav,0.041710194
normal_id_00_00000993.wav,0.00057299406
normal_id_00_00000996.wav,0.024211798
normal_id_00_00000997.wav,0.0003836611
normal_id_00_00000999.wav,0.00558471
normal_id_00_00001000.wav,1.7900274
normal_id_00_00001003.wav,0.24463779
normal_id_00_00001005.wav,0.0007163104
normal_id_00_00001011.wav,4.9232225e-05
normal_id_00_00001012.wav,0.00055667164
normal_id_00_00001013.wav,0.0030108618
normal_id_00_00001016.wav,0.09292762
normal_id_00_00001018.wav,0.006278434
normal_id_00_00001019.wav,0.005784557
normal_id_00_00001021.wav,0.00027176025
normal_id_00_00001026.wav,0.05652384
normal_id_00_00001031.wav,0.0012782983
normal_id_00_00001032.wav,0.010403922
normal_id_00_00001034.wav,0.0033332524
normal_id_00_00001037.wav,0.0060266675
normal_id_00_00001044.wav,2.6464111e-05
normal_id_00_00001045.wav,4.072435
normal_id_00_00001046.wav,0.00018523408
normal_id_00_00001047.wav,0.0001256387
normal_id_00_00001049.wav,0.018216921
normal_id_00_00001051.wav,0.006356024
normal_id_00_00001053.wav,0.02420249
normal_id_00_00001056.wav,3.778863e-05
normal_id_00_00001058.wav,0.0008588916
normal_id_00_00001064.wav,6.4372807e-06
normal_id_00_00001066.wav,0.0052020904
abnormal_id_00_00000000.wav,16.829485
abnormal_id_00_00000001.wav,20.878273
abnormal_id_00_00000002.wav,18.393774
abnormal_id_00_00000003.wav,11.783768
abnormal_id_00_00000004.wav,8.892767
abnormal_id_00_00000005.wav,11.10703
abnormal_id_00_00000006.wav,13.218253
abnormal_id_00_00000007.wav,16.105722
abnormal_id_00_00000008.wav,14.94305
abnormal_id_00_00000009.wav,12.169527
abnormal_id_00_00000010.wav,13.3783865
abnormal_id_00_00000011.wav,22.28248
abnormal_id_00_00000012.wav,4.326821
abnormal_id_00_00000013.wav,3.1188188
abnormal_id_00_00000014.wav,21.528769
abnormal_id_00_00000015.wav,13.047765
abnormal_id_00_00000016.wav,19.538134
abnormal_id_00_00000017.wav,8.390086
abnormal_id_00_00000018.wav,16.095797
abnormal_id_00_00000019.wav,17.868734
abnormal_id_00_00000020.wav,12.794609
abnormal_id_00_00000021.wav,11.648078
abnormal_id_00_00000022.wav,21.442137
abnormal_id_00_00000023.wav,15.443418
abnormal_id_00_00000024.wav,12.855277
abnormal_id_00_00000025.wav,15.901761
abnormal_id_00_00000026.wav,21.32202
abnormal_id_00_00000027.wav,15.673446
abnormal_id_00_00000028.wav,18.865545
abnormal_id_00_00000029.wav,4.843261
abnormal_id_00_00000030.wav,3.6180444
abnormal_id_00_00000031.wav,16.692415
abnormal_id_00_00000032.wav,18.917408
abnormal_id_00_00000033.wav,12.478849
abnormal_id_00_00000034.wav,24.155613
abnormal_id_00_00000035.wav,5.1436586
abnormal_id_00_00000036.wav,19.640043
abnormal_id_00_00000037.wav,8.185206
abnormal_id_00_00000038.wav,16.514431
abnormal_id_00_00000039.wav,12.523341
abnormal_id_00_00000040.wav,14.131952
abnormal_id_00_00000041.wav,15.163384
abnormal_id_00_00000042.wav,16.473282
abnormal_id_00_00000043.wav,13.517505
abnormal_id_00_00000044.wav,18.13398
abnormal_id_00_00000045.wav,0.55418146
abnormal_id_00_00000046.wav,13.891978
abnormal_id_00_00000047.wav,16.953228
abnormal_id_00_00000048.wav,27.204185
abnormal_id_00_00000049.wav,13.469358
abnormal_id_00_00000050.wav,12.811125
abnormal_id_00_00000051.wav,22.195816
abnormal_id_00_00000052.wav,7.7632804
abnormal_id_00_00000053.wav,10.389487
abnormal_id_00_00000054.wav,16.521683
abnormal_id_00_00000055.wav,15.321406
abnormal_id_00_00000056.wav,10.383759
abnormal_id_00_00000057.wav,17.199646
abnormal_id_00_00000058.wav,9.441179
abnormal_id_00_00000059.wav,6.6340895
abnormal_id_00_00000060.wav,11.071576
abnormal_id_00_00000061.wav,14.155873
abnormal_id_00_00000062.wav,20.331102
abnormal_id_00_00000063.wav,23.653212
abnormal_id_00_00000064.wav,15.556848
abnormal_id_00_00000065.wav,8.880383
abnormal_id_00_00000066.wav,14.096878
abnormal_id_00_00000067.wav,11.184083
abnormal_id_00_00000068.wav,12.583557
abnormal_id_00_00000069.wav,7.870602
abnormal_id_00_00000070.wav,7.435518
abnormal_id_00_00000071.wav,6.513091
abnormal_id_00_00000072.wav,20.06034
abnormal_id_00_00000073.wav,8.21271
abnormal_id_00_00000074.wav,10.300823
abnormal_id_00_00000075.wav,13.132606
abnormal_id_00_00000076.wav,10.54958
abnormal_id_00_00000077.wav,17.713142
abnormal_id_00_00000078.wav,0.6369301
abnormal_id_00_00000079.wav,17.006836
abnormal_id_00_00000080.wav,11.729709
abnormal_id_00_00000081.wav,6.2207584
abnormal_id_00_00000082.wav,16.83138
abnormal_id_00_00000083.wav,20.782894
abnormal_id_00_00000084.wav,9.557844
abnormal_id_00_00000085.wav,14.459613
abnormal_id_00_00000086.wav,20.060635
abnormal_id_00_00000087.wav,3.8174438
abnormal_id_00_00000088.wav,22.214424
abnormal_id_00_00000089.wav,3.7102728
abnormal_id_00_00000090.wav,20.700909
abnormal_id_00_00000091.wav,11.81143
abnormal_id_00_00000092.wav,14.481563
abnormal_id_00_00000093.wav,17.316278
abnormal_id_00_00000094.wav,6.7884083
abnormal_id_00_00000095.wav,21.02502
abnormal_id_00_00000096.wav,27.404968
abnormal_id_00_00000097.wav,17.456944
abnormal_id_00_00000098.wav,17.641151
abnormal_id_00_00000099.wav,20.260145
abnormal_id_00_00000100.wav,16.87972
abnormal_id_00_00000101.wav,7.142983
abnormal_id_00_00000102.wav,12.24586
abnormal_id_00_00000103.wav,21.832706
abnormal_id_00_00000104.wav,18.784765
abnormal_id_00_00000105.wav,10.151093
abnormal_id_00_00000106.wav,7.6991744
abnormal_id_00_00000107.wav,11.648828
abnormal_id_00_00000108.wav,23.700884
abnormal_id_00_00000109.wav,6.094418
abnormal_id_00_00000110.wav,20.414621
abnormal_id_00_00000111.wav,8.727805
abnormal_id_00_00000112.wav,20.346241
abnormal_id_00_00000113.wav,17.187235
abnormal_id_00_00000114.wav,12.227982
abnormal_id_00_00000115.wav,16.699015
abnormal_id_00_00000116.wav,15.545125
abnormal_id_00_00000117.wav,15.735182
abnormal_id_00_00000118.wav,17.479834
abnormal_id_00_00000119.wav,14.410639
abnormal_id_00_00000120.wav,12.373415
abnormal_id_00_00000121.wav,1.5246135
abnormal_id_00_00000122.wav,11.351257
abnormal_id_00_00000123.wav,9.507992
abnormal_id_00_00000124.wav,13.1252365
abnormal_id_00_00000125.wav,14.770738
abnormal_id_00_00000126.wav,8.203435
abnormal_id_00_00000127.wav,4.0597477
abnormal_id_00_00000128.wav,14.279118
abnormal_id_00_00000129.wav,21.211674
abnormal_id_00_00000130.wav,12.989371
abnormal_id_00_00000131.wav,10.778359
abnormal_id_00_00000132.wav,4.884767
abnormal_id_00_00000133.wav,15.093631
abnormal_id_00_00000134.wav,20.032537
abnormal_id_00_00000135.wav,12.373501
abnormal_id_00_00000136.wav,14.7247
abnormal_id_00_00000137.wav,18.37409
abnormal_id_00_00000138.wav,14.66645
abnormal_id_00_00000139.wav,8.8599205
abnormal_id_00_00000140.wav,13.180892
abnormal_id_00_00000141.wav,11.5139675
abnormal_id_00_00000142.wav,17.22924
abnormal_id_00_00000143.wav,15.212052
abnormal_id_00_00000144.wav,13.58292
abnormal_id_00_00000145.wav,20.260263
abnormal_id_00_00000146.wav,15.253101
abnormal_id_00_00000147.wav,4.631201
abnormal_id_00_00000148.wav,12.823298
abnormal_id_00_00000149.wav,7.3742685
abnormal_id_00_00000150.wav,20.801329
abnormal_id_00_00000151.wav,18.832008
abnormal_id_00_00000152.wav,8.653488
abnormal_id_00_00000153.wav,7.6165
abnormal_id_00_00000154.wav,8.025841
abnormal_id_00_00000155.wav,13.581344
abnormal_id_00_00000156.wav,15.808924
abnormal_id_00_00000157.wav,7.769431
abnormal_id_00_00000158.wav,6.6582575
abnormal_id_00_00000159.wav,12.641572
abnormal_id_00_00000160.wav,7.39184
abnormal_id_00_00000161.wav,14.220646
abnormal_id_00_00000162.wav,10.284027
abnormal_id_00_00000163.wav,17.803709
abnormal_id_00_00000164.wav,19.501455
abnormal_id_00_00000165.wav,20.591734
abnormal_id_00_00000166.wav,12.143308
abnormal_id_00_00000167.wav,14.135839
abnormal_id_00_00000168.wav,14.009195
abnormal_id_00_00000169.wav,15.960172
abnormal_id_00_00000170.wav,8.129406
abnormal_id_00_00000171.wav,4.361021
abnormal_id_00_00000172.wav,19.041348
abnormal_id_00_00000173.wav,13.580737
abnormal_id_00_00000174.wav,18.607428
abnormal_id_00_00000175.wav,12.625628
abnormal_id_00_00000176.wav,13.494103
abnormal_id_00_00000177.wav,8.18483
abnormal_id_00_00000178.wav,0.0021492972
abnormal_id_00_00000179.wav,1.0773703
abnormal_id_00_00000180.wav,0.00017248097
abnormal_id_00_00000181.wav,1.7881233e-05
abnormal_id_00_00000182.wav,0.0016268365
abnormal_id_00_00000183.wav,0.07023753
abnormal_id_00_00000184.wav,9.059865e-06
abnormal_id_00_00000185.wav,0.022447309
abnormal_id_00_00000186.wav,4.6491514e-06
abnormal_id_00_00000187.wav,0.30687612
abnormal_id_00_00000188.wav,6.3940916
abnormal_id_00_00000189.wav,7.4383593
abnormal_id_00_00000190.wav,11.4260435
abnormal_id_00_00000191.wav,7.9948034
abnormal_id_00_00000192.wav,11.459705
abnormal_id_00_00000193.wav,6.5744815
abnormal_id_00_00000194.wav,9.74198
abnormal_id_00_00000195.wav,10.169526
abnormal_id_00_00000196.wav,15.146707
abnormal_id_00_00000197.wav,8.298097
abnormal_id_00_00000198.wav,7.543604
abnormal_id_00_00000199.wav,13.992905
abnormal_id_00_00000200.wav,13.239422
abnormal_id_00_00000201.wav,12.121823
abnormal_id_00_00000202.wav,5.490036
abnormal_id_00_00000203.wav,9.283298
abnormal_id_00_00000204.wav,8.655439
abnormal_id_00_00000205.wav,7.962865
abnormal_id_00_00000206.wav,3.7698526
abnormal_id_00_00000207.wav,7.1170373
abnormal_id_00_00000208.wav,5.875
abnormal_id_00_00000209.wav,6.9928217
abnormal_id_00_00000210.wav,7.3559294
abnormal_id_00_00000211.wav,2.3008876
abnormal_id_00_00000212.wav,5.9429617
abnormal_id_00_00000213.wav,5.12
abnormal_id_00_00000214.wav,6.9622493
abnormal_id_00_00000215.wav,6.0646596
abnormal_id_00_00000216.wav,10.6505785
abnormal_id_00_00000217.wav,9.773098
abnormal_id_00_00000218.wav,0.9292041
abnormal_id_00_00000219.wav,8.947478
abnormal_id_00_00000220.wav,4.4582696
abnormal_id_00_00000221.wav,11.752645
abnormal_id_00_00000222.wav,3.3343918
abnormal_id_00_00000223.wav,8.591698
abnormal_id_00_00000224.wav,6.576036
abnormal_id_00_00000225.wav,4.0157237
abnormal_id_00_00000226.wav,4.662449
abnormal_id_00_00000227.wav,6.128929
abnormal_id_00_00000228.wav,3.3311238
abnormal_id_00_00000229.wav,8.20428
abnormal_id_00_00000230.wav,8.468842
abnormal_id_00_00000231.wav,9.705498
abnormal_id_00_00000232.wav,9.6357975
abnormal_id_00_00000233.wav,6.886095
abnormal_id_00_00000234.wav,0.029515835
abnormal_id_00_00000235.wav,8.9344
abnormal_id_00_00000236.wav,5.4468675
abnormal_id_00_00000237.wav,9.963026
abnormal_id_00_00000238.wav,4.947217
abnormal_id_00_00000239.wav,12.151047
abnormal_id_00_00000240.wav,4.465714
abnormal_id_00_00000241.wav,6.2371926
abnormal_id_00_00000242.wav,2.3055878
abnormal_id_00_00000243.wav,11.598681
abnormal_id_00_00000244.wav,3.2024567
abnormal_id_00_00000245.wav,4.538291
abnormal_id_00_00000246.wav,6.9286046
abnormal_id_00_00000247.wav,10.497893
abnormal_id_00_00000248.wav,7.950709
abnormal_id_00_00000249.wav,2.6912656
abnormal_id_00_00000250.wav,6.365591
abnormal_id_00_00000251.wav,4.501913
abnormal_id_00_00000252.wav,8.755654
abnormal_id_00_00000253.wav,4.8995647
abnormal_id_00_00000254.wav,6.401507
abnormal_id_00_00000255.wav,7.115138
abnormal_id_00_00000256.wav,9.470478
abnormal_id_00_00000257.wav,1.5618589
abnormal_id_00_00000258.wav,1.5818261
abnormal_id_00_00000259.wav,2.4221735
abnormal_id_00_00000260.wav,2.5830717
abnormal_id_00_00000261.wav,4.319061
abnormal_id_00_00000262.wav,11.200694
abnormal_id_00_00000263.wav,8.896289
abnormal_id_00_00000264.wav,3.42444
abnormal_id_00_00000265.wav,11.298489
abnormal_id_00_00000266.wav,5.1462464
abnormal_id_00_00000267.wav,2.264974e-06
abnormal_id_00_00000268.wav,9.238293e-05
abnormal_id_00_00000269.wav,3.5404533e-05
abnormal_id_00_00000270.wav,0.016012762
abnormal_id_00_00000271.wav,0.0024933699
abnormal_id_00_00000272.wav,0.83051854
abnormal_id_00_00000273.wav,0.00029833635
abnormal_id_00_00000274.wav,0.052867044
abnormal_id_00_00000275.wav,0.00021479207
abnormal_id_00_00000276.wav,0.14032422
abnormal_id_00_00000277.wav,0.002021652
abnormal_id_00_00000278.wav,0.011041494
abnormal_id_00_00000279.wav,0.013583727
abnormal_id_00_00000280.wav,0.013074385
abnormal_id_00_00000281.wav,0.0008672291
abnormal_id_00_00000282.wav,0.06879867
abnormal_id_00_00000283.wav,0.016029304
abnormal_id_00_00000284.wav,0.7008858
abnormal_id_00_00000285.wav,0.13828595
abnormal_id_00_00000286.wav,5.3642743e-05
abnormal_id_00_00000287.wav,0.0005769257
abnormal_id_00_00000288.wav,0.04594526
abnormal_id_00_00000289.wav,2.6940936e-05
abnormal_id_00_00000290.wav,2.860982e-05
abnormal_id_00_00000291.wav,0.02561037
abnormal_id_00_00000292.wav,2.8132996e-05
abnormal_id_00_00000293.wav,0.00042024365
abnormal_id_00_00000294.wav,0.0029407372
abnormal_id_00_00000295.wav,0.02272131
abnormal_id_00_00000296.wav,0.013646642
abnormal_id_00_00000297.wav,0.00015746307
abnormal_id_00_00000298.wav,0.00018785619
abnormal_id_00_00000299.wav,0.0002559096
abnormal_id_00_00000300.wav,0.02104862
abnormal_id_00_00000301.wav,0.0009166568
abnormal_id_00_00000302.wav,0.2858303
abnormal_id_00_00000303.wav,0.0020007133
abnormal_id_00_00000304.wav,0.015410282
abnormal_id_00_00000305.wav,7.152555e-07
abnormal_id_00_00000306.wav,0.5775168
abnormal_id_00_00000307.wav,6.0079677e-05
abnormal_id_00_00000308.wav,0.005378301
abnormal_id_00_00000309.wav,0.044315793
abnormal_id_00_00000310.wav,5.841238e-06
abnormal_id_00_00000311.wav,0.0054722037
abnormal_id_00_00000312.wav,1.1920928e-07
abnormal_id_00_00000313.wav,0.08455067
abnormal_id_00_00000314.wav,0.00055750564
abnormal_id_00_00000315.wav,1.1755528
abnormal_id_00_00000316.wav,0.0019602624
abnormal_id_00_00000317.wav,0.0003729363
abnormal_id_00_00000318.wav,0.029038748
abnormal_id_00_00000319.wav,8.093983e-05
abnormal_id_00_00000320.wav,1.8999271
abnormal_id_00_00000321.wav,0.020229802
abnormal_id_00_00000322.wav,0.0029475123
abnormal_id_00_00000323.wav,0.34477186
abnormal_id_00_00000324.wav,1.9311718e-05
abnormal_id_00_00000325.wav,0.00034517053
abnormal_id_00_00000326.wav,0.09810154
abnormal_id_00_00000327.wav,5.316593e-05
abnormal_id_00_00000328.wav,2.0980615e-05
abnormal_id_00_00000329.wav,0.39889878
abnormal_id_00_00000330.wav,1.3112935e-05
abnormal_id_00_00000331.wav,0.0011467317
abnormal_id_00_00000332.wav,1.3351351e-05
abnormal_id_00_00000333.wav,0.005625014
abnormal_id_00_00000334.wav,0.057733394
abnormal_id_00_00000335.wav,0.0020781604
abnormal_id_00_00000336.wav,2.193427e-05
abnormal_id_00_00000337.wav,0.00030620178
abnormal_id_00_00000338.wav,0.0052182185
abnormal_id_00_00000339.wav,0.0084997555
abnormal_id_00_00000340.wav,0.0018095085
abnormal_id_00_00000341.wav,0.00019977482
abnormal_id_00_00000342.wav,0.0735029
abnormal_id_00_00000343.wav,0.00010811698
abnormal_id_00_00000344.wav,0.00037758372
abnormal_id_00_00000345.wav,1.239769e-05
abnormal_id_00_00000346.wav,0.009974281
abnormal_id_00_00000347.wav,0.00058049994
abnormal_id_00_00000348.wav,7.5933436e-05
abnormal_id_00_00000349.wav,0.0028658533
abnormal_id_00_00000350.wav,0.0005557185
abnormal_id_00_00000351.wav,0.00013815402
abnormal_id_00_00000352.wav,0.022739606
abnormal_id_00_00000353.wav,0.019704666
abnormal_id_00_00000354.wav,6.90198e-05
abnormal_id_00_00000355.wav,0.0024662574
